{
  "losses": [
    16.200143456459045,
    15.935813784599304,
    15.057059955596923,
    14.130385899543763,
    13.728565788269043,
    13.017472743988037,
    12.636472177505492,
    12.116072940826417,
    11.347066831588744,
    11.318847525119782,
    10.416740417480469,
    10.188555085659027,
    9.854952216148376,
    8.92508465051651,
    8.82633718252182,
    8.337434923648834,
    7.98054072856903,
    7.749676525592804,
    7.543228578567505,
    7.259714257717133,
    6.946814751625061,
    6.640296983718872,
    6.364302694797516,
    6.230297374725342,
    6.01038122177124,
    5.700456190109253,
    5.496499782800674,
    5.2113277316093445,
    4.956260603666306,
    4.987001204490662,
    4.644784873723983,
    4.555431580543518,
    4.415517222881317,
    4.190084159374237,
    4.00951988697052,
    3.8913684487342834,
    3.7444369792938232,
    3.721877562999725,
    3.4614638447761537,
    3.2075175046920776,
    3.3383458226919176,
    3.202624571323395,
    3.185904252529144,
    2.9063058525323866,
    2.8140506356954575,
    2.750160810351372,
    2.6106494456529616,
    2.6119230896234513,
    2.5386014491319657,
    2.394481760263443,
    2.3170755833387373,
    2.4134882271289824,
    2.1799432188272476,
    2.1441554337739945,
    2.1870812833309174,
    2.042967623472214,
    1.92506103515625,
    1.97065127491951,
    1.8531651735305785,
    1.7873654186725616,
    1.7876352787017822,
    1.7838085025548935,
    1.6531315803527833,
    1.5864569574594498,
    1.6119043052196502,
    1.6132789701223373,
    1.476021697372198,
    1.4673614203929901,
    1.329661563038826,
    1.3720904350280763,
    1.3660148233175278,
    1.3567849174141884,
    1.288268432021141,
    1.2986561954021454,
    1.1831887140870094,
    1.1792056009173393,
    1.1734108485281467,
    1.1189957469701768,
    1.1118093222379684,
    1.0402302786707878,
    0.9571765899658203,
    0.8771406181156636,
    0.9080415233969689,
    1.014836959540844,
    0.9520692586898803,
    1.0013875603675841,
    0.955209768563509,
    0.8764701649546623,
    0.8400317989289761,
    0.7684775011613965,
    0.7285293482244015,
    0.7775987699627877,
    0.7442902106791734,
    0.8385168466717005,
    0.7441655904054642,
    0.6564555212855339,
    0.6990366905927659,
    0.686343415081501,
    0.6885130159556866,
    0.6390307381749153
  ],
  "metrics": {
    "both": {
      "optimistic": {
        "adjusted_arithmetic_mean_rank": 0.93116167265596,
        "adjusted_arithmetic_mean_rank_index": 0.06889420822981884,
        "adjusted_geometric_mean_rank_index": 0.12751704147938947,
        "adjusted_hits_at_k": 0.0065133966717413425,
        "adjusted_inverse_harmonic_mean_rank": 0.0022875660337509183,
        "arithmetic_mean_rank": 1148.0069665605095,
        "count": 5024.0,
        "geometric_mean_rank": 728.2789050771264,
        "harmonic_mean_rank": 155.36572259308707,
        "hits_at_1": 0.0009952229299363057,
        "hits_at_10": 0.011743630573248409,
        "hits_at_3": 0.0029856687898089174,
        "hits_at_5": 0.006170382165605096,
        "inverse_arithmetic_mean_rank": 0.0008710748533138729,
        "inverse_geometric_mean_rank": 0.0013731003232808146,
        "inverse_harmonic_mean_rank": 0.006436426151855033,
        "inverse_median_rank": 0.0009324009324009324,
        "median_absolute_deviation": 991.1195830709948,
        "median_rank": 1072.5,
        "standard_deviation": 797.3387304690057,
        "variance": 635749.0511059256,
        "z_arithmetic_mean_rank": 8.12282586767789,
        "z_geometric_mean_rank": 9.109285823952163,
        "z_hits_at_k": 6.357365678190738,
        "z_inverse_harmonic_mean_rank": 5.570110022272521
      },
      "pessimistic": {
        "adjusted_arithmetic_mean_rank": 0.9311618341033161,
        "adjusted_arithmetic_mean_rank_index": 0.06889404665140453,
        "adjusted_geometric_mean_rank_index": 0.12751673665578145,
        "adjusted_hits_at_k": 0.0065133966717413425,
        "adjusted_inverse_harmonic_mean_rank": 0.002287565419636735,
        "arithmetic_mean_rank": 1148.0071656050955,
        "count": 5024.0,
        "geometric_mean_rank": 728.2791591700891,
        "harmonic_mean_rank": 155.36573735524559,
        "hits_at_1": 0.0009952229299363057,
        "hits_at_10": 0.011743630573248409,
        "hits_at_3": 0.0029856687898089174,
        "hits_at_5": 0.006170382165605096,
        "inverse_arithmetic_mean_rank": 0.0008710747022845599,
        "inverse_geometric_mean_rank": 0.0013730998442129671,
        "inverse_harmonic_mean_rank": 0.006436425540294565,
        "inverse_median_rank": 0.0009324009324009324,
        "median_absolute_deviation": 991.1195830709948,
        "median_rank": 1072.5,
        "standard_deviation": 797.3385863023411,
        "variance": 635748.8212066159,
        "z_arithmetic_mean_rank": 8.122806817116782,
        "z_geometric_mean_rank": 9.109264048624425,
        "z_hits_at_k": 6.357365678190738,
        "z_inverse_harmonic_mean_rank": 5.570108526934892
      },
      "realistic": {
        "adjusted_arithmetic_mean_rank": 0.9311617647314053,
        "adjusted_arithmetic_mean_rank_index": 0.06889411607962936,
        "adjusted_geometric_mean_rank_index": 0.1275167178996749,
        "adjusted_hits_at_k": 0.0065133966717413425,
        "adjusted_inverse_harmonic_mean_rank": 0.0022875660745877487,
        "arithmetic_mean_rank": 1148.007080078125,
        "count": 5024.0,
        "geometric_mean_rank": 728.2791748046875,
        "harmonic_mean_rank": 155.365721611446,
        "hits_at_1": 0.0009952229299363057,
        "hits_at_10": 0.011743630573248409,
        "hits_at_3": 0.0029856687898089174,
        "hits_at_5": 0.006170382165605096,
        "inverse_arithmetic_mean_rank": 0.000871074793394655,
        "inverse_geometric_mean_rank": 0.0013730998616665602,
        "inverse_harmonic_mean_rank": 0.006436426192522049,
        "inverse_median_rank": 0.0009324009297415614,
        "median_absolute_deviation": 991.1195830709948,
        "median_rank": 1072.5,
        "standard_deviation": 797.3386840820312,
        "variance": 635749.0,
        "z_arithmetic_mean_rank": 8.122815002904744,
        "z_geometric_mean_rank": 9.109262708766366,
        "z_hits_at_k": 6.357365678190738,
        "z_inverse_harmonic_mean_rank": 5.570110121708181
      }
    },
    "head": {
      "optimistic": {
        "adjusted_arithmetic_mean_rank": 0.8894610795330152,
        "adjusted_arithmetic_mean_rank_index": 0.11064205313189668,
        "adjusted_geometric_mean_rank_index": 0.23129568768243391,
        "adjusted_hits_at_k": 0.013056825790387262,
        "adjusted_inverse_harmonic_mean_rank": 0.00478713162923814,
        "arithmetic_mean_rank": 954.2253184713376,
        "count": 2512.0,
        "geometric_mean_rank": 521.924316603437,
        "harmonic_mean_rank": 99.76921231443275,
        "hits_at_1": 0.0015923566878980893,
        "hits_at_10": 0.019904458598726114,
        "hits_at_3": 0.004777070063694267,
        "hits_at_5": 0.011146496815286623,
        "inverse_arithmetic_mean_rank": 0.0010479705166511334,
        "inverse_geometric_mean_rank": 0.0019159866060806847,
        "inverse_harmonic_mean_rank": 0.010023132154721228,
        "inverse_median_rank": 0.001352265043948614,
        "median_absolute_deviation": 839.8941567834235,
        "median_rank": 739.5,
        "standard_deviation": 790.4477522723123,
        "variance": 624807.6490723508,
        "z_arithmetic_mean_rank": 8.854300805305783,
        "z_geometric_mean_rank": 11.704615556295323,
        "z_hits_at_k": 7.847049872875243,
        "z_inverse_harmonic_mean_rank": 7.197883044297068
      },
      "pessimistic": {
        "adjusted_arithmetic_mean_rank": 0.8894614506034718,
        "adjusted_arithmetic_mean_rank_index": 0.11064168171523181,
        "adjusted_geometric_mean_rank_index": 0.23129515025826064,
        "adjusted_hits_at_k": 0.013056825790387262,