{
  "losses": [
    102.23308267325999,
    56.22318670682818,
    49.18229265302141,
    47.8112296345078,
    46.616763997300765,
    46.07817416324794,
    45.33092962247189,
    45.26067109865563,
    44.85281910406095,
    44.278750089841466,
    43.87122762091806,
    43.76480833392277,
    43.318153523953164,
    43.06070153067045,
    42.82530461961978,
    42.485012553562626,
    42.35149864838502,
    41.77401505229629,
    41.623114149147106,
    41.249003864894405,
    40.96181830290322,
    40.65444964114751,
    40.38485560907382,
    40.30926741840683,
    39.82000055045725,
    39.743003025233186,
    39.500630316333236,
    39.14448625796309,
    38.88608433375849,
    38.62995122749115,
    38.37092854152216,
    38.096152974066335,
    37.67890980087708,
    37.7146998610452,
    37.426118298111675,
    37.02706171196198,
    36.9556497948192,
    36.675482598420615,
    36.56008062630056,
    36.17506059307918,
    35.97769863806038,
    35.849554578834606,
    35.606023235855815,
    35.41060602776358,
    35.194321641298096,
    34.93133462923709,
    34.71697409799166,
    34.585801668256245,
    34.28110546932042,
    34.184926541052135,
    34.01710553035558,
    33.819572127868085,
    33.52778436535987,
    33.42031464621285,
    33.165974697219994,
    33.10485863017145,
    32.8373704357682,
    32.63263556221935,
    32.464715084182885,
    32.34576915134893,
    32.16206605857778,
    32.01632743906752,
    31.80208320261162,
    31.643214056425006,
    31.56660366949634,
    31.39553207326158,
    31.19287795663994,
    31.083902679871176,
    30.923345494493145,
    30.730698220083646,
    30.567356644389786,
    30.42369027895348,
    30.29919317726777,
    30.09440329364527,
    29.92629372070883,
    29.81845417200962,
    29.571679587676147,
    29.485053623948144,
    29.37338882517592,
    29.180245265782435,
    29.071472720565083,
    28.948074394297375,
    28.771566177082953,
    28.640016840997145,
    28.466827214321242,
    28.327495735382364,
    28.19342700566087,
    28.06077661246897,
    27.91401383587133,
    27.815203479517287,
    27.64449062525669,
    27.456814525283384,
    27.293845328215127,
    27.186870753208055,
    26.998684660296576,
    26.881883870775454,
    26.71559957700355,
    26.581250324427526,
    26.44617784803159,
    26.274464491371795
  ],
  "metrics": {
    "both": {
      "optimistic": {
        "adjusted_arithmetic_mean_rank": 0.34834168513876596,
        "adjusted_arithmetic_mean_rank_index": 0.6520926698847496,
        "adjusted_geometric_mean_rank_index": 0.7417274581490755,
        "adjusted_hits_at_k": 0.022395321957421152,
        "adjusted_inverse_harmonic_mean_rank": 0.012781596288372459,
        "arithmetic_mean_rank": 522.9617414248021,
        "count": 13644.0,
        "geometric_mean_rank": 286.4091473309295,
        "harmonic_mean_rank": 64.08214753259345,
        "hits_at_1": 0.0037379067722075636,
        "hits_at_10": 0.025652301377895044,
        "hits_at_3": 0.010480797420111404,
        "hits_at_5": 0.015611257695690413,
        "inverse_arithmetic_mean_rank": 0.001912185769604319,
        "inverse_geometric_mean_rank": 0.0034915085964225745,
        "inverse_harmonic_mean_rank": 0.015604970159456347,
        "inverse_median_rank": 0.002717391304347826,
        "median_absolute_deviation": 386.9591790299621,
        "median_rank": 368.0,
        "standard_deviation": 504.73426062774683,
        "variance": 254756.67385143827,
        "z_arithmetic_mean_rank": 131.88498181509908,
        "z_geometric_mean_rank": 87.13259713466458,
        "z_hits_at_k": 45.24573451234357,
        "z_inverse_harmonic_mean_rank": 64.07992188257482
      },
      "pessimistic": {
        "adjusted_arithmetic_mean_rank": 0.34834422375564444,
        "adjusted_arithmetic_mean_rank_index": 0.6520901295757866,
        "adjusted_geometric_mean_rank_index": 0.7417227135788201,
        "adjusted_hits_at_k": 0.022395321957421152,
        "adjusted_inverse_harmonic_mean_rank": 0.012780941936732433,
        "arithmetic_mean_rank": 522.9655526238639,
        "count": 13644.0,
        "geometric_mean_rank": 286.4143904115192,
        "harmonic_mean_rank": 64.08482706885647,
        "hits_at_1": 0.0037379067722075636,
        "hits_at_10": 0.025652301377895044,
        "hits_at_3": 0.010480797420111404,
        "hits_at_5": 0.015611257695690413,
        "inverse_arithmetic_mean_rank": 0.0019121718342302305,
        "inverse_geometric_mean_rank": 0.003491444681125147,
        "inverse_harmonic_mean_rank": 0.015604317679215109,
        "inverse_median_rank": 0.002717391304347826,
        "median_absolute_deviation": 386.9591790299621,
        "median_rank": 368.0,
        "standard_deviation": 504.73560307333344,
        "variance": 254758.0290098016,
        "z_arithmetic_mean_rank": 131.8844680405746,
        "z_geometric_mean_rank": 87.13203977801815,
        "z_hits_at_k": 45.24573451234357,
        "z_inverse_harmonic_mean_rank": 64.07664132191319
      },
      "realistic": {
        "adjusted_arithmetic_mean_rank": 0.348342938475964,
        "adjusted_arithmetic_mean_rank_index": 0.6520914157121547,
        "adjusted_geometric_mean_rank_index": 0.7417250538949272,
        "adjusted_hits_at_k": 0.022395321957421152,
        "adjusted_inverse_harmonic_mean_rank": 0.012781258068246532,
        "arithmetic_mean_rank": 522.963623046875,
        "count": 13644.0,
        "geometric_mean_rank": 286.41180419921875,
        "harmonic_mean_rank": 64.08353249861074,
        "hits_at_1": 0.0037379067722075636,
        "hits_at_10": 0.025652301377895044,
        "hits_at_3": 0.010480797420111404,
        "hits_at_5": 0.015611257695690413,
        "inverse_arithmetic_mean_rank": 0.0019121789373457432,
        "inverse_geometric_mean_rank": 0.0034914761781692505,
        "inverse_harmonic_mean_rank": 0.015604632906615736,
        "inverse_median_rank": 0.0027173913549631834,
        "median_absolute_deviation": 386.9591790299621,
        "median_rank": 368.0,
        "standard_deviation": 504.73492431640625,
        "variance": 254757.34375,
        "z_arithmetic_mean_rank": 131.8847281601548,
        "z_geometric_mean_rank": 87.13231470085981,
        "z_hits_at_k": 45.24573451234357,
        "z_inverse_harmonic_mean_rank": 64.07822623214435
      }
    },
    "head": {
      "optimistic": {
        "adjusted_arithmetic_mean_rank": 0.24631820907884625,
        "adjusted_arithmetic_mean_rank_index": 0.7541838507870876,
        "adjusted_geometric_mean_rank_index": 0.8155798425402929,
        "adjusted_hits_at_k": 0.03239831574101355,
        "adjusted_inverse_harmonic_mean_rank": 0.017250967279164996,
        "arithmetic_mean_rank": 370.014072119613,
        "count": 6822.0,
        "geometric_mean_rank": 204.92544417471714,
        "harmonic_mean_rank": 49.85024226991323,
        "hits_at_1": 0.004837291116974494,
        "hits_at_10": 0.03562005277044855,
        "hits_at_3": 0.013778950454412195,
        "hits_at_5": 0.020521841102316037,
        "inverse_arithmetic_mean_rank": 0.002702599915380337,
        "inverse_geometric_mean_rank": 0.0048798235086288805,
        "inverse_harmonic_mean_rank": 0.020060083050058578,
        "inverse_median_rank": 0.003703703703703704,
        "median_absolute_deviation": 281.6944215160644,
        "median_rank": 270.0,
        "standard_deviation": 361.735814604305,
        "variance": 130852.79956744012,
        "z_arithmetic_mean_rank": 107.85711635383763,
        "z_geometric_mean_rank": 67.74997689584174,
        "z_hits_at_k": 46.29747793853899,
        "z_inverse_harmonic_mean_rank": 61.17353652176975
      },
      "pessimistic": {
        "adjusted_arithmetic_mean_rank": 0.24632084377371835,
        "adjusted_arithmetic_mean_rank_index": 0.7541812143371319,
        "adjusted_geometric_mean_rank_index": 0.8155757251525391,
        "adjusted_hits_at_k": 0.03239831574101355,
        "adjusted_inverse_harmonic_mean_rank": 0.017250110599067274,