{
  "losses": [
    120.00679244995118,
    87.09190006256104,
    66.74885416030884,
    58.47156963348389,
    53.21449222564697,
    50.26543588638306,
    48.543555927276614,
    46.74317932128906,
    46.13566856384277,
    45.27472162246704,
    44.484454441070554,
    44.94425296783447,
    44.53611125946045,
    44.319622325897214,
    43.70063428878784,
    43.369547843933105,
    43.36061162948609,
    43.324456214904785,
    42.95832986831665,
    42.92817468643189,
    42.16004590988159,
    42.84663877487183,
    42.65334177017212,
    41.909542083740234,
    41.81337299346924,
    41.68170566558838,
    41.37362823486328,
    41.06377811431885,
    40.76593208312988,
    40.82336530685425,
    40.83197278976441,
    40.72151041030884,
    40.77498435974121,
    40.20758686065674,
    40.757308864593504,
    40.4640438079834,
    39.87496900558472,
    39.61302118301391,
    39.6321343421936,
    39.41868076324463,
    39.52757740020752,
    39.32185726165771,
    39.23615417480469,
    39.07821407318115,
    39.21803407669067,
    38.97599515914917,
    38.843120384216306,
    39.08700971603393,
    38.5922532081604,
    38.152468585968016,
    38.31171274185181,
    38.33788242340088,
    38.18327894210815,
    37.988747692108156,
    38.12689342498779,
    37.66995935440063,
    37.872976303100586,
    37.62365531921387,
    37.118339443206786,
    37.20406284332275,
    37.073847103118894,
    36.83409910202026,
    36.72082252502442,
    36.50928440093994,
    36.53303575515747,
    36.472426891326904,
    36.28207931518555,
    36.212368965148926,
    36.07341737747193,
    36.145406818389894,
    35.98391857147217,
    35.953101825714114,
    35.873930835723876,
    35.71937379837036,
    35.56310033798218,
    35.31384792327881,
    35.3707799911499,
    35.16574249267578,
    35.26053581237793,
    35.05759439468384,
    34.77953805923462,
    34.80314168930054,
    34.800502109527585,
    34.45350303649902,
    34.616347789764404,
    34.7176212310791,
    34.24736604690552,
    34.25561637878418,
    33.94951114654541,
    33.925821208953856,
    33.817337131500246,
    33.64708833694458,
    33.75648250579834,
    33.83551197052002,
    33.605829524993894,
    33.466598224639895,
    33.31313004493713,
    33.38835973739624,
    33.22849802970886,
    33.15338716506958
  ],
  "metrics": {
    "both": {
      "optimistic": {
        "adjusted_arithmetic_mean_rank": 0.412701095799713,
        "adjusted_arithmetic_mean_rank_index": 0.5877756558043692,
        "adjusted_geometric_mean_rank_index": 0.8194116459961179,
        "adjusted_hits_at_k": 0.10396112594079712,
        "adjusted_inverse_harmonic_mean_rank": 0.05175021799442143,
        "arithmetic_mean_rank": 508.8093152866242,
        "count": 5024.0,
        "geometric_mean_rank": 151.53371425422665,
        "harmonic_mean_rank": 17.955450883371434,
        "hits_at_1": 0.01711783439490446,
        "hits_at_10": 0.10867834394904459,
        "hits_at_3": 0.05354299363057325,
        "hits_at_5": 0.07185509554140128,
        "inverse_arithmetic_mean_rank": 0.0019653728223051037,
        "inverse_geometric_mean_rank": 0.006599191506137767,
        "inverse_harmonic_mean_rank": 0.05569339397241766,
        "inverse_median_rank": 0.0035335689045936395,
        "median_absolute_deviation": 398.8199967780069,
        "median_rank": 283.0,
        "standard_deviation": 589.7325366923616,
        "variance": 347784.4648336076,
        "z_arithmetic_mean_rank": 69.30044519029113,
        "z_geometric_mean_rank": 58.53535185773731,
        "z_hits_at_k": 101.47069604857846,
        "z_inverse_harmonic_mean_rank": 126.00921837996707
      },
      "pessimistic": {
        "adjusted_arithmetic_mean_rank": 0.41270384040476793,
        "adjusted_arithmetic_mean_rank_index": 0.5877729089713264,
        "adjusted_geometric_mean_rank_index": 0.8194099953786607,
        "adjusted_hits_at_k": 0.10396112594079712,
        "adjusted_inverse_harmonic_mean_rank": 0.05175018143574913,
        "arithmetic_mean_rank": 508.812699044586,
        "count": 5024.0,
        "geometric_mean_rank": 151.53509016563595,
        "harmonic_mean_rank": 17.955462620817396,
        "hits_at_1": 0.01711783439490446,
        "hits_at_10": 0.10867834394904459,
        "hits_at_3": 0.05354299363057325,
        "hits_at_5": 0.07185509554140128,
        "inverse_arithmetic_mean_rank": 0.0019653597519828656,
        "inverse_geometric_mean_rank": 0.006599131586663832,
        "inverse_harmonic_mean_rank": 0.055693357565769944,
        "inverse_median_rank": 0.0035335689045936395,
        "median_absolute_deviation": 398.8199967780069,
        "median_rank": 283.0,
        "standard_deviation": 589.7333921996943,
        "variance": 347785.4738753585,
        "z_arithmetic_mean_rank": 69.30012133075246,
        "z_geometric_mean_rank": 58.535233944507596,
        "z_hits_at_k": 101.47069604857846,
        "z_inverse_harmonic_mean_rank": 126.00912936141025
      },
      "realistic": {
        "adjusted_arithmetic_mean_rank": 0.4127024660526158,
        "adjusted_arithmetic_mean_rank_index": 0.5877742844391363,
        "adjusted_geometric_mean_rank_index": 0.8194108496688357,
        "adjusted_hits_at_k": 0.10396112594079712,
        "adjusted_inverse_harmonic_mean_rank": 0.05175020075969394,
        "arithmetic_mean_rank": 508.8110046386719,
        "count": 5024.0,
        "geometric_mean_rank": 151.5343780517578,
        "harmonic_mean_rank": 17.95545641671277,
        "hits_at_1": 0.01711783439490446,
        "hits_at_10": 0.10867834394904459,
        "hits_at_3": 0.05354299363057325,
        "hits_at_5": 0.07185509554140128,
        "inverse_arithmetic_mean_rank": 0.001965366303920746,
        "inverse_geometric_mean_rank": 0.006599162705242634,
        "inverse_harmonic_mean_rank": 0.0556933768093586,
        "inverse_median_rank": 0.0035335689317435026,
        "median_absolute_deviation": 398.8199967780069,
        "median_rank": 283.0,
        "standard_deviation": 589.73291015625,
        "variance": 347784.9375,
        "z_arithmetic_mean_rank": 69.30028350237461,
        "z_geometric_mean_rank": 58.535294971436166,
        "z_hits_at_k": 101.47069604857846,
        "z_inverse_harmonic_mean_rank": 126.00917641425904
      }
    },
    "head": {
      "optimistic": {
        "adjusted_arithmetic_mean_rank": 0.4394824902983629,
        "adjusted_arithmetic_mean_rank_index": 0.5610404717883043,
        "adjusted_geometric_mean_rank_index": 0.697049738788214,
        "adjusted_hits_at_k": 0.05675171043248629,
        "adjusted_inverse_harmonic_mean_rank": 0.04023386453975302,
        "arithmetic_mean_rank": 471.48248407643314,
        "count": 2512.0,
        "geometric_mean_rank": 206.29891046244896,
        "harmonic_mean_rank": 22.083160540210926,
        "hits_at_1": 0.027070063694267517,
        "hits_at_10": 0.06329617834394904,
        "hits_at_3": 0.04259554140127388,
        "hits_at_5": 0.046974522292993634,
        "inverse_arithmetic_mean_rank": 0.0021209695667885886,
        "inverse_geometric_mean_rank": 0.004847335343450699,
        "inverse_harmonic_mean_rank": 0.04528337319194477,
        "inverse_median_rank": 0.0031496062992125984,
        "median_absolute_deviation": 389.9243834669733,
        "median_rank": 317.5,
        "standard_deviation": 478.86976276769906,
        "variance": 229316.2496931924,
        "z_arithmetic_mean_rank": 44.898128338620054,
        "z_geometric_mean_rank": 35.273892470204245,
        "z_hits_at_k": 34.10733276862429,
        "z_inverse_harmonic_mean_rank": 60.49523468468365
      },
      "pessimistic": {
        "adjusted_arithmetic_mean_rank": 0.4394865720733859,
        "adjusted_arithmetic_mean_rank_index": 0.5610363862049907,
        "adjusted_geometric_mean_rank_index": 0.6970454316160217,
        "adjusted_hits_at_k": 0.05675171043248629,
        "adjusted_inverse_harmonic_mean_rank": 0.04023380171569529,