{
  "losses": [
    16.40637562274933,
    15.150256061553955,
    14.997455501556397,
    14.286400485038758,
    13.942208814620972,
    13.160830426216126,
    12.41723186969757,
    12.154385948181153,
    11.547860789299012,
    10.884299373626709,
    10.630354762077332,
    10.110804080963135,
    9.86795620918274,
    9.142660486698151,
    9.140714395046235,
    8.69300273656845,
    8.314945268630982,
    7.835502731800079,
    7.464448690414429,
    7.185812795162201,
    7.119676971435547,
    6.7922485828399655,
    6.43831627368927,
    6.14649418592453,
    6.014548492431641,
    5.663254427909851,
    5.742025780677795,
    5.322025227546692,
    5.167959809303284,
    5.051016134023667,
    4.775008028745651,
    4.596169710159302,
    4.552244555950165,
    4.380595636367798,
    4.3031453609466555,
    4.116168814897537,
    3.9405045807361603,
    3.780026745796204,
    3.6871497213840483,
    3.4845950484275816,
    3.4585252344608306,
    3.440550667047501,
    3.2894397914409637,
    3.1884955942630766,
    2.9983776032924654,
    3.0359174430370333,
    2.8605171918869017,
    2.729747733473778,
    2.610180014371872,
    2.560366079211235,
    2.6765403032302855,
    2.630199036002159,
    2.4353588670492172,
    2.3457257986068725,
    2.2808404713869095,
    2.3511171519756315,
    2.205188772082329,
    2.1310810267925264,
    2.0245295740664004,
    2.074208676815033,
    1.8835761964321136,
    1.8714569896459579,
    1.8754628479480744,
    1.8757836937904357,
    1.7627860561013222,
    1.8039066016674041,
    1.7097932308912278,
    1.6335057675838471,
    1.6791251122951507,
    1.6156642079353332,
    1.5369732439517976,
    1.5588325589895249,
    1.384489181637764,
    1.4585813477635383,
    1.4293721973896027,
    1.432198803126812,
    1.276980221271515,
    1.331202957034111,
    1.2324773907661437,
    1.2973619252443314,
    1.3656673550605773,
    1.2614205986261369,
    1.1886358186602592,
    1.170340158045292,
    1.1836456120014192,
    1.1563587114214897,
    1.1542901426553727,
    1.0626397043466569,
    1.1074791923165321,
    1.0260697439312936,
    1.00040096193552,
    0.9924377664923668,
    1.0190201267600059,
    0.9043494448065758,
    1.0085850089788437,
    0.9737490221858025,
    0.9517207369208336,
    0.9105036988854408,
    0.8746546678245067,
    0.8823679976165295
  ],
  "metrics": {
    "both": {
      "optimistic": {
        "adjusted_arithmetic_mean_rank": 0.9327446110585516,
        "adjusted_arithmetic_mean_rank_index": 0.06731004476509483,
        "adjusted_geometric_mean_rank_index": 0.11766473385170817,
        "adjusted_hits_at_k": 0.0032864225284525376,
        "adjusted_inverse_harmonic_mean_rank": 0.0013429263937663524,
        "arithmetic_mean_rank": 1148.6988455414012,
        "count": 5024.0,
        "geometric_mean_rank": 734.6424732549543,
        "harmonic_mean_rank": 181.4222694044504,
        "hits_at_1": 0.0003980891719745223,
        "hits_at_10": 0.00855891719745223,
        "hits_at_3": 0.0023885350318471337,
        "hits_at_5": 0.003980891719745223,
        "inverse_arithmetic_mean_rank": 0.0008705501915331717,
        "inverse_geometric_mean_rank": 0.0013612063505793988,
        "inverse_harmonic_mean_rank": 0.005512002486148315,
        "inverse_median_rank": 0.0009551098376313276,
        "median_absolute_deviation": 972.5870553396749,
        "median_rank": 1047.0,
        "standard_deviation": 803.0951720468186,
        "variance": 644961.8553649092,
        "z_arithmetic_mean_rank": 7.9307841382506865,
        "z_geometric_mean_rank": 8.405688907408994,
        "z_hits_at_k": 3.200020518883072,
        "z_inverse_harmonic_mean_rank": 3.2623379638224286
      },
      "pessimistic": {
        "adjusted_arithmetic_mean_rank": 0.9327447726829544,
        "adjusted_arithmetic_mean_rank_index": 0.06730988300934615,
        "adjusted_geometric_mean_rank_index": 0.11766463730300802,
        "adjusted_hits_at_k": 0.0032864225284525376,
        "adjusted_inverse_harmonic_mean_rank": 0.0013429263335230333,
        "arithmetic_mean_rank": 1148.6990445859872,
        "count": 5024.0,
        "geometric_mean_rank": 734.6425535330866,
        "harmonic_mean_rank": 181.42227137902364,
        "hits_at_1": 0.0003980891719745223,
        "hits_at_10": 0.00855891719745223,
        "hits_at_3": 0.0023885350318471337,
        "hits_at_5": 0.003980891719745223,
        "inverse_arithmetic_mean_rank": 0.0008705500406857384,
        "inverse_geometric_mean_rank": 0.0013612062018334503,
        "inverse_harmonic_mean_rank": 0.005512002426156493,
        "inverse_median_rank": 0.0009551098376313276,
        "median_absolute_deviation": 972.5870553396749,
        "median_rank": 1047.0,
        "standard_deviation": 803.0953387984046,
        "variance": 644962.1231997241,
        "z_arithmetic_mean_rank": 7.9307650794321916,
        "z_geometric_mean_rank": 8.405682010199342,
        "z_hits_at_k": 3.200020518883072,
        "z_inverse_harmonic_mean_rank": 3.2623378174748208
      },
      "realistic": {
        "adjusted_arithmetic_mean_rank": 0.9327447158618754,
        "adjusted_arithmetic_mean_rank_index": 0.0673099398766015,
        "adjusted_geometric_mean_rank_index": 0.11766490134929475,
        "adjusted_hits_at_k": 0.0032864225284525376,
        "adjusted_inverse_harmonic_mean_rank": 0.001342926297092489,
        "arithmetic_mean_rank": 1148.698974609375,
        "count": 5024.0,
        "geometric_mean_rank": 734.642333984375,
        "harmonic_mean_rank": 181.4222725730943,
        "hits_at_1": 0.0003980891719745223,
        "hits_at_10": 0.00855891719745223,
        "hits_at_3": 0.0023885350318471337,
        "hits_at_5": 0.003980891719745223,
        "inverse_arithmetic_mean_rank": 0.000870550109539181,
        "inverse_geometric_mean_rank": 0.0013612066395580769,
        "inverse_harmonic_mean_rank": 0.005512002389878035,
        "inverse_median_rank": 0.0009551098337396979,
        "median_absolute_deviation": 972.5870553396749,
        "median_rank": 1047.0,
        "standard_deviation": 803.0952758789062,
        "variance": 644962.0,
        "z_arithmetic_mean_rank": 7.930771779798064,
        "z_geometric_mean_rank": 8.405700873038448,
        "z_hits_at_k": 3.200020518883072,
        "z_inverse_harmonic_mean_rank": 3.262337728974998
      }
    },
    "head": {
      "optimistic": {
        "adjusted_arithmetic_mean_rank": 0.8936056710508522,
        "adjusted_arithmetic_mean_rank_index": 0.10649384596680855,
        "adjusted_geometric_mean_rank_index": 0.21408957759353975,
        "adjusted_hits_at_k": 0.007794828996362412,
        "adjusted_inverse_harmonic_mean_rank": 0.0028017532571367057,
        "arithmetic_mean_rank": 956.2535828025477,
        "count": 2512.0,
        "geometric_mean_rank": 530.9071506071571,
        "harmonic_mean_rank": 123.75109081040857,
        "hits_at_1": 0.0003980891719745223,
        "hits_at_10": 0.014729299363057325,
        "hits_at_3": 0.0031847133757961785,
        "hits_at_5": 0.006369426751592357,
        "inverse_arithmetic_mean_rank": 0.0010457477158613536,
        "inverse_geometric_mean_rank": 0.0018835685276726412,
        "inverse_harmonic_mean_rank": 0.008080736852106123,
        "inverse_median_rank": 0.0014154281670205238,
        "median_absolute_deviation": 806.5356068670475,
        "median_rank": 706.5,
        "standard_deviation": 803.3203461943281,
        "variance": 645323.578609775,
        "z_arithmetic_mean_rank": 8.50983945253651,
        "z_geometric_mean_rank": 10.83443849478008,
        "z_hits_at_k": 4.667545828982341,
        "z_inverse_harmonic_mean_rank": 4.197670130539256
      },
      "pessimistic": {
        "adjusted_arithmetic_mean_rank": 0.8936060430596457,
        "adjusted_arithmetic_mean_rank_index": 0.10649347361005279,
        "adjusted_geometric_mean_rank_index": 0.21408940550850974,
        "adjusted_hits_at_k": 0.007794828996362412,