{
  "losses": [
    16.184270119667055,
    15.949713015556336,
    14.948073577880859,
    14.02750883102417,
    13.741031765937805,
    13.007648086547851,
    12.596557021141052,
    12.142343401908875,
    11.44086513519287,
    11.345241451263428,
    10.4906635761261,
    10.20431147813797,
    9.992502093315125,
    9.033885276317596,
    8.872752463817596,
    8.47806887626648,
    8.168836152553558,
    7.84851484298706,
    7.651042997837067,
    7.408205926418304,
    7.079237616062164,
    6.748287403583527,
    6.480336773395538,
    6.335999429225922,
    6.101116836071014,
    5.87048442363739,
    5.620748043060303,
    5.337983250617981,
    5.127624917030334,
    5.069842797517777,
    4.8546674132347105,
    4.6725080668926235,
    4.554943871498108,
    4.381809562444687,
    4.268275541067124,
    4.083576047420502,
    3.8834115982055666,
    3.8733811497688295,
    3.676726758480072,
    3.417236679792404,
    3.5057896614074706,
    3.3571384608745576,
    3.34784055352211,
    3.1008398860692976,
    3.0082552909851072,
    2.972212705016136,
    2.8610417008399964,
    2.7572495877742766,
    2.726447531580925,
    2.568082782626152,
    2.549759340286255,
    2.5570981234312056,
    2.3711282074451447,
    2.3318697303533553,
    2.361397570371628,
    2.2778746277093886,
    2.130854752659798,
    2.1430469185113905,
    2.0372930496931074,
    1.972287441790104,
    2.025508791208267,
    1.9899511843919755,
    1.7753858238458633,
    1.7537891626358033,
    1.8157232075929641,
    1.7887770771980285,
    1.6846487551927567,
    1.6339256197214127,
    1.5251556172966958,
    1.564847745001316,
    1.5526583254337312,
    1.557854787260294,
    1.5004822492599488,
    1.497715064883232,
    1.3994590610265731,
    1.396199917793274,
    1.3742568343877792,
    1.3037828922271728,
    1.3239430531859397,
    1.2301143065094948,
    1.1705872878432273,
    1.0860856473445892,
    1.1572072207927704,
    1.1786730915308,
    1.146152025461197,
    1.1703968167304992,
    1.153321573138237,
    1.0978499710559846,
    1.0503112465143203,
    1.002306504547596,
    0.9691682010889053,
    0.9843290507793426,
    0.9589501366019249,
    1.0294760882854461,
    0.9513724699616433,
    0.8486744642257691,
    0.8995872884988785,
    0.8681664615869522,
    0.8806185536086559,
    0.8537605419754982
  ],
  "metrics": {
    "both": {
      "optimistic": {
        "adjusted_arithmetic_mean_rank": 0.9342330471598221,
        "adjusted_arithmetic_mean_rank_index": 0.06582034047641871,
        "adjusted_geometric_mean_rank_index": 0.1084720877246691,
        "adjusted_hits_at_k": 0.006113200658316059,
        "adjusted_inverse_harmonic_mean_rank": 0.0014945739809618126,
        "arithmetic_mean_rank": 1151.7935907643312,
        "count": 5024.0,
        "geometric_mean_rank": 744.154278892408,
        "harmonic_mean_rank": 177.09359342724457,
        "hits_at_1": 0.0003980891719745223,
        "hits_at_10": 0.011345541401273885,
        "hits_at_3": 0.0019904458598726115,
        "hits_at_5": 0.004777070063694267,
        "inverse_arithmetic_mean_rank": 0.0008682111170078652,
        "inverse_geometric_mean_rank": 0.00134380736409712,
        "inverse_harmonic_mean_rank": 0.005646731655545916,
        "inverse_median_rank": 0.0009216589861751152,
        "median_absolute_deviation": 978.5174642136973,
        "median_rank": 1085.0,
        "standard_deviation": 790.3556460001635,
        "variance": 624662.0471643356,
        "z_arithmetic_mean_rank": 7.760407993335704,
        "z_geometric_mean_rank": 7.7487937262450615,
        "z_hits_at_k": 5.9667565185587526,
        "z_inverse_harmonic_mean_rank": 3.6392136391065133
      },
      "pessimistic": {
        "adjusted_arithmetic_mean_rank": 0.9342330471598221,
        "adjusted_arithmetic_mean_rank_index": 0.06582034047641871,
        "adjusted_geometric_mean_rank_index": 0.1084720877246691,
        "adjusted_hits_at_k": 0.006113200658316059,
        "adjusted_inverse_harmonic_mean_rank": 0.0014945739809618126,
        "arithmetic_mean_rank": 1151.7935907643312,
        "count": 5024.0,
        "geometric_mean_rank": 744.154278892408,
        "harmonic_mean_rank": 177.09359342724457,
        "hits_at_1": 0.0003980891719745223,
        "hits_at_10": 0.011345541401273885,
        "hits_at_3": 0.0019904458598726115,
        "hits_at_5": 0.004777070063694267,
        "inverse_arithmetic_mean_rank": 0.0008682111170078652,
        "inverse_geometric_mean_rank": 0.00134380736409712,
        "inverse_harmonic_mean_rank": 0.005646731655545916,
        "inverse_median_rank": 0.0009216589861751152,
        "median_absolute_deviation": 978.5174642136973,
        "median_rank": 1085.0,
        "standard_deviation": 790.3556460001635,
        "variance": 624662.0471643356,
        "z_arithmetic_mean_rank": 7.760407993335704,
        "z_geometric_mean_rank": 7.7487937262450615,
        "z_hits_at_k": 5.9667565185587526,
        "z_inverse_harmonic_mean_rank": 3.6392136391065133
      },
      "realistic": {
        "adjusted_arithmetic_mean_rank": 0.9342330377000162,
        "adjusted_arithmetic_mean_rank_index": 0.06582034994390396,
        "adjusted_geometric_mean_rank_index": 0.1084725786992159,
        "adjusted_hits_at_k": 0.006113200658316059,
        "adjusted_inverse_harmonic_mean_rank": 0.001494574030093702,
        "arithmetic_mean_rank": 1151.7935791015625,
        "count": 5024.0,
        "geometric_mean_rank": 744.1538696289062,
        "harmonic_mean_rank": 177.09359189277092,
        "hits_at_1": 0.0003980891719745223,
        "hits_at_10": 0.011345541401273885,
        "hits_at_3": 0.0019904458598726115,
        "hits_at_5": 0.004777070063694267,
        "inverse_arithmetic_mean_rank": 0.0008682111511006951,
        "inverse_geometric_mean_rank": 0.0013438081368803978,
        "inverse_harmonic_mean_rank": 0.005646731704473496,
        "inverse_median_rank": 0.0009216589969582856,
        "median_absolute_deviation": 978.5174642136973,
        "median_rank": 1085.0,
        "standard_deviation": 790.3555908203125,
        "variance": 624662.0,
        "z_arithmetic_mean_rank": 7.760409109579513,
        "z_geometric_mean_rank": 7.748828799419805,
        "z_hits_at_k": 5.9667565185587526,
        "z_inverse_harmonic_mean_rank": 3.6392137587402313
      }
    },
    "head": {
      "optimistic": {
        "adjusted_arithmetic_mean_rank": 0.8967893499810383,
        "adjusted_arithmetic_mean_rank_index": 0.10330694541734964,
        "adjusted_geometric_mean_rank_index": 0.20238346360179915,
        "adjusted_hits_at_k": 0.01225508478777994,
        "adjusted_inverse_harmonic_mean_rank": 0.0035016490890471706,
        "arithmetic_mean_rank": 962.0871815286624,
        "count": 2512.0,
        "geometric_mean_rank": 541.5171305493903,
        "harmonic_mean_rank": 114.35873687513835,
        "hits_at_1": 0.0007961783439490446,
        "hits_at_10": 0.01910828025477707,
        "hits_at_3": 0.0035828025477707007,
        "hits_at_5": 0.008359872611464968,
        "inverse_arithmetic_mean_rank": 0.001039406842954812,
        "inverse_geometric_mean_rank": 0.0018466636484527476,
        "inverse_harmonic_mean_rank": 0.008744412777939668,
        "inverse_median_rank": 0.0013245033112582781,
        "median_absolute_deviation": 836.9289523464123,
        "median_rank": 755.0,
        "standard_deviation": 786.7534551350232,
        "variance": 618980.9991668969,
        "z_arithmetic_mean_rank": 8.267297506781532,
        "z_geometric_mean_rank": 10.241525296670929,
        "z_hits_at_k": 7.365209819742234,
        "z_inverse_harmonic_mean_rank": 5.265044405963437
      },
      "pessimistic": {
        "adjusted_arithmetic_mean_rank": 0.8967893499810383,
        "adjusted_arithmetic_mean_rank_index": 0.10330694541734964,
        "adjusted_geometric_mean_rank_index": 0.20238346360179915,
        "adjusted_hits_at_k": 0.01225508478777994,