{
  "losses": [
    107.33113578196323,
    62.54619114050704,
    50.854733499248375,
    48.185250014401554,
    47.14856098475081,
    46.528934821653905,
    46.13926581050573,
    45.635145337394114,
    45.20444698548049,
    44.898509122012705,
    44.68609764870633,
    44.24545236651817,
    44.33131580138475,
    43.66798426595967,
    43.1814002562105,
    43.1474688669269,
    43.0380982816889,
    42.77269106232718,
    42.248680500502,
    42.09988116146474,
    42.00804682528035,
    41.7417937289463,
    41.59281004144904,
    41.15322635950667,
    40.973458708002326,
    40.805182681994495,
    40.45509629838922,
    40.259147429734135,
    39.97091871968816,
    39.80480639854174,
    39.7096190291844,
    39.38922984948319,
    39.030358518107555,
    38.979342171315395,
    38.48025435544132,
    38.50591638115015,
    38.453527043374734,
    37.93587292446179,
    37.73291084203827,
    37.60606680023536,
    37.260588185171066,
    37.07084244288755,
    36.90652230080594,
    36.938319602709136,
    36.57604637574614,
    36.36497253246522,
    36.083281656329554,
    36.031842992546856,
    35.89720921034223,
    35.689115802893475,
    35.5881382802899,
    35.26990153280537,
    35.191122376516965,
    35.047158144833,
    34.84478674042091,
    34.67068378577071,
    34.57305942492539,
    34.43769999300496,
    34.22820860616277,
    33.868180349971475,
    33.83486981338329,
    33.624221673172514,
    33.55400989832503,
    33.31918142082986,
    33.16772426648086,
    33.073699715432156,
    33.00365345129806,
    32.71090543939826,
    32.76292955205682,
    32.50632684686211,
    32.34045309431097,
    32.25738195355019,
    32.03458612420586,
    32.01727044180538,
    31.851434793365136,
    31.767096465893005,
    31.45925296826309,
    31.413162488615914,
    31.25005357720879,
    31.177434964126416,
    31.126110119766064,
    30.970831431699605,
    30.89749899874912,
    30.671036645267787,
    30.46124784062418,
    30.411224815282928,
    30.22642152764824,
    30.216875097724827,
    30.0952581341347,
    30.042720601799783,
    29.728091207782875,
    29.66097398822227,
    29.511996601404768,
    29.446430806363566,
    29.428209754858123,
    29.215949412142294,
    29.016769216301736,
    29.037510046798193,
    28.889713715971187,
    28.705940696630584
  ],
  "metrics": {
    "both": {
      "optimistic": {
        "adjusted_arithmetic_mean_rank": 0.386058499991195,
        "adjusted_arithmetic_mean_rank_index": 0.614350588643839,
        "adjusted_geometric_mean_rank_index": 0.710531757018197,
        "adjusted_hits_at_k": 0.017266441361769223,
        "adjusted_inverse_harmonic_mean_rank": 0.00939408973574153,
        "arithmetic_mean_rank": 579.7649858956277,
        "count": 11344.0,
        "geometric_mean_rank": 320.98402210515405,
        "harmonic_mean_rank": 81.79039108190008,
        "hits_at_1": 0.0021156558533145277,
        "hits_at_10": 0.020539492242595204,
        "hits_at_3": 0.005994358251057828,
        "hits_at_5": 0.010313822284908321,
        "inverse_arithmetic_mean_rank": 0.0017248368292803824,
        "inverse_geometric_mean_rank": 0.0031154198686949,
        "inverse_harmonic_mean_rank": 0.012226375088470465,
        "inverse_median_rank": 0.002506265664160401,
        "median_absolute_deviation": 424.02423449260215,
        "median_rank": 399.0,
        "standard_deviation": 557.129179571748,
        "variance": 310392.92273028893,
        "z_arithmetic_mean_rank": 113.29604993526445,
        "z_geometric_mean_rank": 76.10898858375253,
        "z_hits_at_k": 31.812883537602108,
        "z_inverse_harmonic_mean_rank": 42.95075129049797
      },
      "pessimistic": {
        "adjusted_arithmetic_mean_rank": 0.3860618458666698,
        "adjusted_arithmetic_mean_rank_index": 0.6143472405389017,
        "adjusted_geometric_mean_rank_index": 0.7105279117233874,
        "adjusted_hits_at_k": 0.017266441361769223,
        "adjusted_inverse_harmonic_mean_rank": 0.009394007954183992,
        "arithmetic_mean_rank": 579.7700105782793,
        "count": 11344.0,
        "geometric_mean_rank": 320.98827277143334,
        "harmonic_mean_rank": 81.79093661279958,
        "hits_at_1": 0.0021156558533145277,
        "hits_at_10": 0.020539492242595204,
        "hits_at_3": 0.005994358251057828,
        "hits_at_5": 0.010313822284908321,
        "inverse_arithmetic_mean_rank": 0.001724821880667079,
        "inverse_geometric_mean_rank": 0.0031153786129503604,
        "inverse_harmonic_mean_rank": 0.01222629354073821,
        "inverse_median_rank": 0.002506265664160401,
        "median_absolute_deviation": 424.02423449260215,
        "median_rank": 399.0,
        "standard_deviation": 557.13062998855,
        "variance": 310394.5388714386,
        "z_arithmetic_mean_rank": 113.2954324912981,
        "z_geometric_mean_rank": 76.10857669294558,
        "z_hits_at_k": 31.812883537602108,
        "z_inverse_harmonic_mean_rank": 42.95037737674616
      },
      "realistic": {
        "adjusted_arithmetic_mean_rank": 0.38606018548284426,
        "adjusted_arithmetic_mean_rank_index": 0.6143489020290934,
        "adjusted_geometric_mean_rank_index": 0.7105298089516643,
        "adjusted_hits_at_k": 0.017266441361769223,
        "adjusted_inverse_harmonic_mean_rank": 0.009394048370683871,
        "arithmetic_mean_rank": 579.7675170898438,
        "count": 11344.0,
        "geometric_mean_rank": 320.9861755371094,
        "harmonic_mean_rank": 81.79066701015834,
        "hits_at_1": 0.0021156558533145277,
        "hits_at_10": 0.020539492242595204,
        "hits_at_3": 0.005994358251057828,
        "hits_at_5": 0.010313822284908321,
        "inverse_arithmetic_mean_rank": 0.0017248293152078986,
        "inverse_geometric_mean_rank": 0.0031153990421444178,
        "inverse_harmonic_mean_rank": 0.01222633384168148,
        "inverse_median_rank": 0.002506265649572015,
        "median_absolute_deviation": 424.02423449260215,
        "median_rank": 399.0,
        "standard_deviation": 557.1298828125,
        "variance": 310393.71875,
        "z_arithmetic_mean_rank": 113.29573889659699,
        "z_geometric_mean_rank": 76.10877991556559,
        "z_hits_at_k": 31.812883537602108,
        "z_inverse_harmonic_mean_rank": 42.950562165169856
      }
    },
    "head": {
      "optimistic": {
        "adjusted_arithmetic_mean_rank": 0.28694367167454415,
        "adjusted_arithmetic_mean_rank_index": 0.7135312135532292,
        "adjusted_geometric_mean_rank_index": 0.7897639023560608,
        "adjusted_hits_at_k": 0.0254936996261323,
        "adjusted_inverse_harmonic_mean_rank": 0.01322223375584033,
        "arithmetic_mean_rank": 431.1426304654443,
        "count": 5672.0,
        "geometric_mean_rank": 233.5301786180081,
        "harmonic_mean_rank": 62.33529535591598,
        "hits_at_1": 0.002644569816643159,
        "hits_at_10": 0.028737658674189,
        "hits_at_3": 0.008815232722143865,
        "hits_at_5": 0.014809590973201692,
        "inverse_arithmetic_mean_rank": 0.0023194180517951564,
        "inverse_geometric_mean_rank": 0.0042821018076457185,
        "inverse_harmonic_mean_rank": 0.016042275797207628,
        "inverse_median_rank": 0.0035026269702276708,
        "median_absolute_deviation": 297.2617448103732,
        "median_rank": 285.5,
        "standard_deviation": 448.42216321443124,
        "variance": 201082.43646191,
        "z_arithmetic_mean_rank": 93.0458284283367,
        "z_geometric_mean_rank": 59.821994212741544,
        "z_hits_at_k": 33.22244338500268,
        "z_inverse_harmonic_mean_rank": 42.75808575715013
      },
      "pessimistic": {
        "adjusted_arithmetic_mean_rank": 0.2869457837623394,
        "adjusted_arithmetic_mean_rank_index": 0.713529100058814,
        "adjusted_geometric_mean_rank_index": 0.7897617614592178,
        "adjusted_hits_at_k": 0.0254936996261323,
        "adjusted_inverse_harmonic_mean_rank": 0.013222166051376242,