{
  "losses": [
    121.69949558803013,
    82.49976294381278,
    63.33263942173549,
    55.56725329444522,
    50.99385488600958,
    48.15898413885208,
    46.264439719063894,
    45.44644346691313,
    44.97343726385208,
    44.84223502022879,
    44.6517588297526,
    43.862626211983816,
    44.01221021016439,
    43.31853730337961,
    43.16658428737095,
    42.71026892889114,
    42.79790160769508,
    42.37152744474865,
    42.55210149855841,
    42.1247569492885,
    42.319677262079146,
    42.46684937250046,
    42.02067111787342,
    41.75229581197103,
    41.09390976315453,
    41.280278432936896,
    41.681173960367836,
    41.136282784598215,
    40.4427680060977,
    40.98283304486956,
    40.61643664042155,
    40.3528086344401,
    40.389990579514276,
    40.0899665469215,
    40.22221846807571,
    39.71318490164621,
    39.89501181102934,
    39.41341091337658,
    39.52025894891648,
    39.48515546889532,
    39.429342814854216,
    38.9629940759568,
    39.072241556076776,
    38.90001378740583,
    38.79143678574335,
    38.43467766898019,
    38.225693657284694,
    38.405188333420526,
    38.01138178507487,
    37.87421771458217,
    37.88690349033901,
    37.77829969496954,
    37.73834791637602,
    37.4134278070359,
    37.31812440781366,
    37.22433898562477,
    37.00959459940592,
    37.12532052539644,
    36.89705585298084,
    36.74948837643578,
    36.54406602042062,
    36.48541677565802,
    36.47091429574149,
    36.292115256899876,
    36.12507238842192,
    36.178466615222746,
    36.07135127839588,
    35.942239125569664,
    35.687252862112864,
    35.53982652936663,
    35.57223247346424,
    35.283057439894904,
    35.35068139575777,
    35.102700551350914,
    34.95130048479353,
    35.012532188778835,
    34.7594241187686,
    34.97109467642648,
    34.644650323050364,
    34.65720340183803,
    34.4564577738444,
    34.4329397110712,
    34.08181535629999,
    34.0705136798677,
    33.95355987548828,
    34.105778921218146,
    33.7915092649914,
    33.81861523219517,
    33.59717814127604,
    33.596401032947355,
    33.45908069610596,
    33.442083177112394,
    33.228562672932945,
    33.281507219587056,
    33.129347483317055,
    33.16905739193871,
    33.05597278050014,
    32.62332607450939,
    32.75497259412493,
    32.605264027913414
  ],
  "metrics": {
    "both": {
      "optimistic": {
        "adjusted_arithmetic_mean_rank": 0.42656110328702984,
        "adjusted_arithmetic_mean_rank_index": 0.5739301296435052,
        "adjusted_geometric_mean_rank_index": 0.8117016145030568,
        "adjusted_hits_at_k": 0.16984061254409233,
        "adjusted_inverse_harmonic_mean_rank": 0.051479837685572793,
        "arithmetic_mean_rank": 498.3710457759583,
        "count": 5374.0,
        "geometric_mean_rank": 147.75750350792222,
        "harmonic_mean_rank": 17.923099593810218,
        "hits_at_1": 0.01935243766282099,
        "hits_at_10": 0.17473018235950874,
        "hits_at_3": 0.03144771120208411,
        "hits_at_5": 0.06680312616300707,
        "inverse_arithmetic_mean_rank": 0.0020065371142157966,
        "inverse_geometric_mean_rank": 0.0067678458031499135,
        "inverse_harmonic_mean_rank": 0.055793920843097485,
        "inverse_median_rank": 0.003472222222222222,
        "median_absolute_deviation": 415.1286211815685,
        "median_rank": 288.0,
        "standard_deviation": 569.1007640070088,
        "variance": 323875.67959336116,
        "z_arithmetic_mean_rank": 69.74742052097953,
        "z_geometric_mean_rank": 60.004369816722985,
        "z_hits_at_k": 162.18967975235918,
        "z_inverse_harmonic_mean_rank": 122.86195672780391
      },
      "pessimistic": {
        "adjusted_arithmetic_mean_rank": 0.4265625367064878,
        "adjusted_arithmetic_mean_rank_index": 0.5739286949961172,
        "adjusted_geometric_mean_rank_index": 0.8117010141087223,
        "adjusted_hits_at_k": 0.16984061254409233,
        "adjusted_inverse_harmonic_mean_rank": 0.05147982947773799,
        "arithmetic_mean_rank": 498.3727205061407,
        "count": 5374.0,
        "geometric_mean_rank": 147.75797144806634,
        "harmonic_mean_rank": 17.923102218482786,
        "hits_at_1": 0.01935243766282099,
        "hits_at_10": 0.17473018235950874,
        "hits_at_3": 0.03144771120208411,
        "hits_at_5": 0.06680312616300707,
        "inverse_arithmetic_mean_rank": 0.002006530371454548,
        "inverse_geometric_mean_rank": 0.006767824369810585,
        "inverse_harmonic_mean_rank": 0.05579391267259376,
        "inverse_median_rank": 0.003472222222222222,
        "median_absolute_deviation": 415.1286211815685,
        "median_rank": 288.0,
        "standard_deviation": 569.1015069414086,
        "variance": 323876.5252029822,
        "z_arithmetic_mean_rank": 69.7472461740521,
        "z_geometric_mean_rank": 60.0043254330689,
        "z_hits_at_k": 162.18967975235918,
        "z_inverse_harmonic_mean_rank": 122.8619371389573
      },
      "realistic": {
        "adjusted_arithmetic_mean_rank": 0.42656182347687605,
        "adjusted_arithmetic_mean_rank_index": 0.5739294088367128,
        "adjusted_geometric_mean_rank_index": 0.8117013159378618,
        "adjusted_hits_at_k": 0.16984061254409233,
        "adjusted_inverse_harmonic_mean_rank": 0.05147983550176666,
        "arithmetic_mean_rank": 498.37188720703125,
        "count": 5374.0,
        "geometric_mean_rank": 147.7577362060547,
        "harmonic_mean_rank": 17.923100292139996,
        "hits_at_1": 0.01935243766282099,
        "hits_at_10": 0.17473018235950874,
        "hits_at_3": 0.03144771120208411,
        "hits_at_5": 0.06680312616300707,
        "inverse_arithmetic_mean_rank": 0.0020065337885171175,
        "inverse_geometric_mean_rank": 0.0067678350023925304,
        "inverse_harmonic_mean_rank": 0.055793918669223785,
        "inverse_median_rank": 0.0034722222480922937,
        "median_absolute_deviation": 415.1286211815685,
        "median_rank": 288.0,
        "standard_deviation": 569.1011352539062,
        "variance": 323876.09375,
        "z_arithmetic_mean_rank": 69.74733292422886,
        "z_geometric_mean_rank": 60.00434774553814,
        "z_hits_at_k": 162.18967975235918,
        "z_inverse_harmonic_mean_rank": 122.86195151592472
      }
    },
    "head": {
      "optimistic": {
        "adjusted_arithmetic_mean_rank": 0.4577278862199976,
        "adjusted_arithmetic_mean_rank_index": 0.5428101911133802,
        "adjusted_geometric_mean_rank_index": 0.6683232505321364,
        "adjusted_hits_at_k": 0.059452545367533305,
        "adjusted_inverse_harmonic_mean_rank": 0.029570338179861683,
        "arithmetic_mean_rank": 461.7540007443245,
        "count": 2687.0,
        "geometric_mean_rank": 207.11343402819188,
        "harmonic_mean_rank": 28.324771928856727,
        "hits_at_1": 0.0148864905098623,
        "hits_at_10": 0.06698920729438035,
        "hits_at_3": 0.0271678451804987,
        "hits_at_5": 0.04577595831782657,
        "inverse_arithmetic_mean_rank": 0.0021656553021480044,
        "inverse_geometric_mean_rank": 0.004828272027317561,
        "inverse_harmonic_mean_rank": 0.0353047855958628,
        "inverse_median_rank": 0.003236245954692557,
        "median_absolute_deviation": 385.4765768114565,
        "median_rank": 309.0,
        "standard_deviation": 463.6251085823128,
        "variance": 214948.24130796132,
        "z_arithmetic_mean_rank": 44.59162517816351,
        "z_geometric_mean_rank": 35.01024022141437,
        "z_hits_at_k": 34.40615509403926,
        "z_inverse_harmonic_mean_rank": 42.91776661458052
      },
      "pessimistic": {
        "adjusted_arithmetic_mean_rank": 0.4577293618892551,
        "adjusted_arithmetic_mean_rank_index": 0.5428087139798685,
        "adjusted_geometric_mean_rank_index": 0.6683220047010956,
        "adjusted_hits_at_k": 0.059452545367533305,
        "adjusted_inverse_harmonic_mean_rank": 0.02957032621427652,
        "arithmetic_mean_rank": 461.7554893933755,