{
  "losses": [
    16.200143456459045,
    15.935813784599304,
    15.057059955596923,
    14.130385899543763,
    13.728565788269043,
    13.017472743988037,
    12.636472177505492,
    12.116072940826417,
    11.347066831588744,
    11.318847525119782,
    10.416740417480469,
    10.188555085659027,
    9.854952216148376,
    8.92508465051651,
    8.82633718252182,
    8.337434923648834,
    7.98054072856903,
    7.749676525592804,
    7.543228578567505,
    7.259714257717133,
    6.946814751625061,
    6.640296983718872,
    6.364302694797516,
    6.230297374725342,
    6.01038122177124,
    5.700456190109253,
    5.496499782800674,
    5.2113277316093445,
    4.956260603666306,
    4.987001204490662,
    4.644784873723983,
    4.555431580543518,
    4.415517222881317,
    4.190084159374237,
    4.00951988697052,
    3.8913684487342834,
    3.7444369792938232,
    3.721877562999725,
    3.4614638447761537,
    3.2075175046920776,
    3.3383458226919176,
    3.202624571323395,
    3.185904252529144,
    2.9063058525323866,
    2.8140506356954575,
    2.750160810351372,
    2.6106494456529616,
    2.6119230896234513,
    2.5386014491319657,
    2.394481760263443,
    2.3170755833387373,
    2.4134882271289824,
    2.1799432188272476,
    2.1441554337739945,
    2.1870812833309174,
    2.042967623472214,
    1.92506103515625,
    1.97065127491951,
    1.8531651735305785,
    1.7873654186725616,
    1.7876352787017822,
    1.7838085025548935,
    1.6531315803527833,
    1.5864569574594498,
    1.6119043052196502,
    1.6132789701223373,
    1.476021697372198,
    1.4673614203929901,
    1.329661563038826,
    1.3720904350280763,
    1.3660148233175278,
    1.3567849174141884,
    1.288268432021141,
    1.2986561954021454,
    1.1831887140870094,
    1.1792056009173393,
    1.1734108485281467,
    1.1189957469701768,
    1.1118093222379684,
    1.0402302786707878,
    0.9571765899658203,
    0.8771406181156636,
    0.9080415233969689,
    1.014836959540844,
    0.9520692586898803,
    1.0013875603675841,
    0.955209768563509,
    0.8764701649546623,
    0.8400317989289761,
    0.7684775011613965,
    0.7285293482244015,
    0.7775987699627877,
    0.7442902106791734,
    0.8385168466717005,
    0.7441655904054642,
    0.6564555212855339,
    0.6990366905927659,
    0.686343415081501,
    0.6885130159556866,
    0.6390307381749153
  ],
  "metrics": {
    "both": {
      "optimistic": {
        "adjusted_arithmetic_mean_rank": 0.9676630679048774,
        "adjusted_arithmetic_mean_rank_index": 0.032360311434055045,
        "adjusted_geometric_mean_rank_index": 0.04760948420533384,
        "adjusted_hits_at_k": 0.0005082372693256555,
        "adjusted_inverse_harmonic_mean_rank": 0.00015037321257914057,
        "arithmetic_mean_rank": 1339.3825347758886,
        "count": 3882.0,
        "geometric_mean_rank": 971.2405201956918,
        "harmonic_mean_rank": 310.20473746427075,
        "hits_at_1": 0.00025759917568263783,
        "hits_at_10": 0.004121586810922205,
        "hits_at_3": 0.0015455950540958269,
        "hits_at_5": 0.0015455950540958269,
        "inverse_arithmetic_mean_rank": 0.000746612692069577,
        "inverse_geometric_mean_rank": 0.0010296110790337634,
        "inverse_harmonic_mean_rank": 0.0032236773950468102,
        "inverse_median_rank": 0.00076103500761035,
        "median_absolute_deviation": 1004.4630030375453,
        "median_rank": 1314.0,
        "standard_deviation": 797.7985279662435,
        "variance": 636482.491225105,
        "z_arithmetic_mean_rank": 3.4902593572742973,
        "z_geometric_mean_rank": 2.9846643621168027,
        "z_hits_at_k": 0.5257058409022468,
        "z_inverse_harmonic_mean_rank": 0.38614379567039236
      },
      "pessimistic": {
        "adjusted_arithmetic_mean_rank": 0.9676630679048774,
        "adjusted_arithmetic_mean_rank_index": 0.032360311434055045,
        "adjusted_geometric_mean_rank_index": 0.04760948420533384,
        "adjusted_hits_at_k": 0.0005082372693256555,
        "adjusted_inverse_harmonic_mean_rank": 0.00015037321257914057,
        "arithmetic_mean_rank": 1339.3825347758886,
        "count": 3882.0,
        "geometric_mean_rank": 971.2405201956918,
        "harmonic_mean_rank": 310.20473746427075,
        "hits_at_1": 0.00025759917568263783,
        "hits_at_10": 0.004121586810922205,
        "hits_at_3": 0.0015455950540958269,
        "hits_at_5": 0.0015455950540958269,
        "inverse_arithmetic_mean_rank": 0.000746612692069577,
        "inverse_geometric_mean_rank": 0.0010296110790337634,
        "inverse_harmonic_mean_rank": 0.0032236773950468102,
        "inverse_median_rank": 0.00076103500761035,
        "median_absolute_deviation": 1004.4630030375453,
        "median_rank": 1314.0,
        "standard_deviation": 797.7985279662435,
        "variance": 636482.491225105,
        "z_arithmetic_mean_rank": 3.4902593572742973,
        "z_geometric_mean_rank": 2.9846643621168027,
        "z_hits_at_k": 0.5257058409022468,
        "z_inverse_harmonic_mean_rank": 0.38614379567039236
      },
      "realistic": {
        "adjusted_arithmetic_mean_rank": 0.967663092167923,
        "adjusted_arithmetic_mean_rank_index": 0.032360287153467504,
        "adjusted_geometric_mean_rank_index": 0.047609225557282975,
        "adjusted_hits_at_k": 0.0005082372693256555,
        "adjusted_inverse_harmonic_mean_rank": 0.00015037344972885407,
        "arithmetic_mean_rank": 1339.382568359375,
        "count": 3882.0,
        "geometric_mean_rank": 971.2407836914062,
        "harmonic_mean_rank": 310.20471471421587,
        "hits_at_1": 0.00025759917568263783,
        "hits_at_10": 0.004121586810922205,
        "hits_at_3": 0.0015455950540958269,
        "hits_at_5": 0.0015455950540958269,
        "inverse_arithmetic_mean_rank": 0.0007466126699000597,
        "inverse_geometric_mean_rank": 0.0010296107502654195,
        "inverse_harmonic_mean_rank": 0.003223677631467581,
        "inverse_median_rank": 0.0007610350148752332,
        "median_absolute_deviation": 1004.4630030375453,
        "median_rank": 1314.0,
        "standard_deviation": 797.7985229492188,
        "variance": 636482.5,
        "z_arithmetic_mean_rank": 3.490256738463046,
        "z_geometric_mean_rank": 2.984648147330347,
        "z_hits_at_k": 0.5257058409022468,
        "z_inverse_harmonic_mean_rank": 0.3861444046478084
      }
    },
    "head": {
      "optimistic": {
        "adjusted_arithmetic_mean_rank": 0.9666728176556488,
        "adjusted_arithmetic_mean_rank_index": 0.03335143727621226,
        "adjusted_geometric_mean_rank_index": 0.04970573582399074,
        "adjusted_hits_at_k": 0.0004830030112888198,
        "adjusted_inverse_harmonic_mean_rank": -9.725537915122309e-05,
        "arithmetic_mean_rank": 1329.2112313240598,
        "count": 1941.0,
        "geometric_mean_rank": 962.7033683121467,
        "harmonic_mean_rank": 333.82138536293405,
        "hits_at_1": 0.0,
        "hits_at_10": 0.004121586810922205,
        "hits_at_3": 0.0010303967027305513,
        "hits_at_5": 0.0010303967027305513,
        "inverse_arithmetic_mean_rank": 0.0007523258729945244,
        "inverse_geometric_mean_rank": 0.0010387415614357342,
        "inverse_harmonic_mean_rank": 0.0029956139535901503,
        "inverse_median_rank": 0.0007698229407236335,
        "median_absolute_deviation": 999.2738952727757,
        "median_rank": 1299.0,
        "standard_deviation": 793.0644447305035,
        "variance": 628951.2134957019,
        "z_arithmetic_mean_rank": 2.5431611268325724,
        "z_geometric_mean_rank": 2.2038696202231947,
        "z_hits_at_k": 0.35204664228494975,
        "z_inverse_harmonic_mean_rank": -0.1759880213513485
      },
      "pessimistic": {
        "adjusted_arithmetic_mean_rank": 0.9666728176556488,
        "adjusted_arithmetic_mean_rank_index": 0.03335143727621226,
        "adjusted_geometric_mean_rank_index": 0.04970573582399074,
        "adjusted_hits_at_k": 0.0004830030112888198,