{
  "losses": [
    121.8830114364624,
    88.40879955291749,
    67.62825603485108,
    57.92807197570801,
    52.53481464385986,
    49.30883893966675,
    47.16714096069336,
    46.60988941192627,
    45.57359676361084,
    45.4169921875,
    44.92774658203125,
    44.9941650390625,
    44.663099670410155,
    44.098659706115725,
    43.70570268630981,
    43.91504039764404,
    43.661703968048094,
    43.414118957519534,
    43.002683353424075,
    43.055290412902835,
    42.94007549285889,
    43.226284408569335,
    42.66911163330078,
    42.37716102600098,
    42.44596652984619,
    42.1940203666687,
    41.61262187957764,
    41.454041481018066,
    41.507825183868405,
    41.30830764770508,
    41.231237697601316,
    40.92110137939453,
    41.15319852828979,
    40.87216091156006,
    41.07138204574585,
    40.88573503494263,
    40.550257778167726,
    40.03245420455933,
    39.850693225860596,
    39.66936473846435,
    40.20734815597534,
    39.80891828536987,
    39.9010947227478,
    39.372469902038574,
    39.65853443145752,
    39.50435829162598,
    39.17483167648315,
    38.927340030670166,
    39.16600112915039,
    38.77921829223633,
    38.82692985534668,
    38.45913343429565,
    38.512605571746825,
    38.40077695846558,
    38.4602313041687,
    38.035779285430905,
    38.15965509414673,
    37.88195199966431,
    37.632834815979,
    37.70170888900757,
    37.74161243438721,
    37.27543954849243,
    37.240214824676514,
    37.24918451309204,
    37.21858110427856,
    36.80745258331299,
    36.62829599380493,
    36.68607234954834,
    36.508281230926514,
    36.604654502868655,
    36.545687198638916,
    36.396553897857665,
    36.31768198013306,
    36.14347696304321,
    35.744174289703366,
    35.69722890853882,
    35.545965099334715,
    35.47635793685913,
    35.5184871673584,
    35.376873302459714,
    35.39909524917603,
    35.134489917755126,
    35.0598557472229,
    34.85765495300293,
    35.09821653366089,
    34.88759126663208,
    34.722003269195554,
    34.697761344909665,
    34.53223371505737,
    34.389020156860354,
    34.27453556060791,
    34.21829719543457,
    34.19383058547974,
    34.1096378326416,
    33.88290805816651,
    33.821275806427,
    33.69044194221497,
    33.75905094146729,
    33.483970165252686,
    33.319713020324706
  ],
  "metrics": {
    "both": {
      "optimistic": {
        "adjusted_arithmetic_mean_rank": 0.440153119901543,
        "adjusted_arithmetic_mean_rank_index": 0.560301346974214,
        "adjusted_geometric_mean_rank_index": 0.7853628792847112,
        "adjusted_hits_at_k": 0.07414652294061373,
        "adjusted_inverse_harmonic_mean_rank": 0.028781664527184073,
        "arithmetic_mean_rank": 542.6542595541401,
        "count": 5024.0,
        "geometric_mean_rank": 179.91587293281754,
        "harmonic_mean_rank": 30.468899009638598,
        "hits_at_1": 0.006369426751592357,
        "hits_at_10": 0.07902070063694268,
        "hits_at_3": 0.014928343949044586,
        "hits_at_5": 0.037420382165605094,
        "inverse_arithmetic_mean_rank": 0.0018427939749733613,
        "inverse_geometric_mean_rank": 0.005558153284081891,
        "inverse_harmonic_mean_rank": 0.032820352310192036,
        "inverse_median_rank": 0.003289473684210526,
        "median_absolute_deviation": 424.02423449260215,
        "median_rank": 304.0,
        "standard_deviation": 611.1808152607897,
        "variance": 373541.9889428435,
        "z_arithmetic_mean_rank": 66.06114493274691,
        "z_geometric_mean_rank": 56.10304991339364,
        "z_hits_at_k": 72.37031365599577,
        "z_inverse_harmonic_mean_rank": 70.08192798600088
      },
      "pessimistic": {
        "adjusted_arithmetic_mean_rank": 0.44015715608544737,
        "adjusted_arithmetic_mean_rank_index": 0.5602973075138566,
        "adjusted_geometric_mean_rank_index": 0.7853591976362666,
        "adjusted_hits_at_k": 0.07414652294061373,
        "adjusted_inverse_harmonic_mean_rank": 0.02878116328804861,
        "arithmetic_mean_rank": 542.6592356687898,
        "count": 5024.0,
        "geometric_mean_rank": 179.91894185837475,
        "harmonic_mean_rank": 30.469362408941695,
        "hits_at_1": 0.006369426751592357,
        "hits_at_10": 0.07902070063694268,
        "hits_at_3": 0.014928343949044586,
        "hits_at_5": 0.037420382165605094,
        "inverse_arithmetic_mean_rank": 0.0018427770767921593,
        "inverse_geometric_mean_rank": 0.005558058477173357,
        "inverse_harmonic_mean_rank": 0.03281985315539569,
        "inverse_median_rank": 0.003289473684210526,
        "median_absolute_deviation": 424.02423449260215,
        "median_rank": 304.0,
        "standard_deviation": 611.1847552565546,
        "variance": 373546.8050580145,
        "z_arithmetic_mean_rank": 66.06066866871944,
        "z_geometric_mean_rank": 56.10278691177757,
        "z_hits_at_k": 72.37031365599577,
        "z_inverse_harmonic_mean_rank": 70.08070749352511
      },
      "realistic": {
        "adjusted_arithmetic_mean_rank": 0.4401551304256503,
        "adjusted_arithmetic_mean_rank_index": 0.5602993348180234,
        "adjusted_geometric_mean_rank_index": 0.7853610606295893,
        "adjusted_hits_at_k": 0.07414652294061373,
        "adjusted_inverse_harmonic_mean_rank": 0.028781409257578633,
        "arithmetic_mean_rank": 542.65673828125,
        "count": 5024.0,
        "geometric_mean_rank": 179.91738891601562,
        "harmonic_mean_rank": 30.46913500652321,
        "hits_at_1": 0.006369426751592357,
        "hits_at_10": 0.07902070063694268,
        "hits_at_3": 0.014928343949044586,
        "hits_at_5": 0.037420382165605094,
        "inverse_arithmetic_mean_rank": 0.0018427855102345347,
        "inverse_geometric_mean_rank": 0.005558106582611799,
        "inverse_harmonic_mean_rank": 0.03282009810209274,
        "inverse_median_rank": 0.003289473708719015,
        "median_absolute_deviation": 424.02423449260215,
        "median_rank": 304.0,
        "standard_deviation": 611.1827392578125,
        "variance": 373544.375,
        "z_arithmetic_mean_rank": 66.06090769372824,
        "z_geometric_mean_rank": 56.10291999625372,
        "z_hits_at_k": 72.37031365599577,
        "z_inverse_harmonic_mean_rank": 70.08130641715142
      }
    },
    "head": {
      "optimistic": {
        "adjusted_arithmetic_mean_rank": 0.48446847496721596,
        "adjusted_arithmetic_mean_rank_index": 0.5160125152559394,
        "adjusted_geometric_mean_rank_index": 0.6667942887577214,
        "adjusted_hits_at_k": 0.05194126441684235,
        "adjusted_inverse_harmonic_mean_rank": 0.02562509666260628,
        "arithmetic_mean_rank": 519.7440286624204,
        "count": 2512.0,
        "geometric_mean_rank": 226.80198216130097,
        "harmonic_mean_rank": 32.518776180711995,
        "hits_at_1": 0.012738853503184714,
        "hits_at_10": 0.05851910828025478,
        "hits_at_3": 0.016719745222929936,
        "hits_at_5": 0.03980891719745223,
        "inverse_arithmetic_mean_rank": 0.001924024028854233,
        "inverse_geometric_mean_rank": 0.004409132541393764,
        "inverse_harmonic_mean_rank": 0.030751464767395962,
        "inverse_median_rank": 0.0029411764705882353,
        "median_absolute_deviation": 431.43724558513014,
        "median_rank": 340.0,
        "standard_deviation": 530.5921559836831,
        "variance": 281528.03599141317,
        "z_arithmetic_mean_rank": 41.29469672739976,
        "z_geometric_mean_rank": 33.74282885791662,
        "z_hits_at_k": 31.216292449826224,
        "z_inverse_harmonic_mean_rank": 38.529638009055816
      },
      "pessimistic": {
        "adjusted_arithmetic_mean_rank": 0.48447478316497866,
        "adjusted_arithmetic_mean_rank_index": 0.5160062011726365,
        "adjusted_geometric_mean_rank_index": 0.6667841666055114,
        "adjusted_hits_at_k": 0.05194126441684235,
        "adjusted_inverse_harmonic_mean_rank": 0.025624100496306895,