{
  "losses": [
    126.02318210601807,
    88.6261646270752,
    67.50590219497681,
    57.88200626373291,
    52.42172441482544,
    49.130535793304446,
    47.312753200531006,
    46.035133361816406,
    45.41821813583374,
    44.91162004470825,
    44.32465200424194,
    44.39758005142212,
    44.45386343002319,
    44.14607381820679,
    44.311729431152344,
    43.76320953369141,
    43.14161148071289,
    43.57789936065674,
    43.689595222473145,
    43.26496248245239,
    42.835883712768556,
    42.56529340744019,
    42.452788734436034,
    42.37515382766723,
    42.28555669784546,
    42.4887716293335,
    42.12066564559937,
    41.914962673187254,
    41.51372241973877,
    41.72959432601929,
    41.550227642059326,
    41.262056255340575,
    41.17731790542602,
    40.82208490371704,
    40.95409507751465,
    40.967879676818846,
    40.47970609664917,
    40.384035396575925,
    40.355241203308104,
    40.14235877990723,
    40.176894664764404,
    40.00157232284546,
    40.176696968078616,
    39.47336721420288,
    39.22783279418945,
    39.40907936096191,
    39.13950157165527,
    38.94306573867798,
    39.009757137298585,
    39.247902965545656,
    38.74031219482422,
    38.446453380584714,
    38.530846405029294,
    38.284181118011475,
    38.29075202941895,
    38.20382308959961,
    37.97572717666626,
    37.91250333786011,
    37.747183609008786,
    37.527903366088864,
    37.502403545379636,
    37.294778156280515,
    37.304368591308595,
    37.19077548980713,
    36.82645263671875,
    36.844031715393065,
    36.670578193664554,
    36.88642063140869,
    36.487546825408934,
    36.46341037750244,
    36.60578279495239,
    36.23898544311523,
    36.3029580116272,
    36.373518562316896,
    36.11473302841186,
    35.89130392074585,
    35.559781074523926,
    35.39031896591187,
    35.47144718170166,
    35.39631185531616,
    35.12460107803345,
    35.3415093421936,
    34.846961975097656,
    35.184451293945315,
    35.14900388717651,
    34.94388084411621,
    34.86752901077271,
    34.706751346588135,
    34.53503293991089,
    34.32382822036743,
    34.240043830871585,
    34.111724853515625,
    34.127396774291995,
    34.07616271972656,
    33.98171854019165,
    33.66733980178833,
    33.622121238708495,
    33.575481224060056,
    33.7818489074707,
    33.366628074645995
  ],
  "metrics": {
    "both": {
      "optimistic": {
        "adjusted_arithmetic_mean_rank": 0.43425680937751243,
        "adjusted_arithmetic_mean_rank_index": 0.5662029479823438,
        "adjusted_geometric_mean_rank_index": 0.7896813794859355,
        "adjusted_hits_at_k": 0.07072116968924586,
        "adjusted_inverse_harmonic_mean_rank": 0.03819065673090826,
        "arithmetic_mean_rank": 534.7983678343949,
        "count": 5024.0,
        "geometric_mean_rank": 175.87533236552727,
        "harmonic_mean_rank": 23.693366935635417,
        "hits_at_1": 0.010151273885350318,
        "hits_at_10": 0.07563694267515923,
        "hits_at_3": 0.03821656050955414,
        "hits_at_5": 0.04936305732484077,
        "inverse_arithmetic_mean_rank": 0.001869863597470176,
        "inverse_geometric_mean_rank": 0.005685845687112439,
        "inverse_harmonic_mean_rank": 0.04220590525257831,
        "inverse_median_rank": 0.0033222591362126247,
        "median_absolute_deviation": 416.61122340007415,
        "median_rank": 301.0,
        "standard_deviation": 604.0660770043816,
        "variance": 364895.8253874634,
        "z_arithmetic_mean_rank": 66.71267824230848,
        "z_geometric_mean_rank": 56.41296074572303,
        "z_hits_at_k": 68.8618679325934,
        "z_inverse_harmonic_mean_rank": 92.77562038759763
      },
      "pessimistic": {
        "adjusted_arithmetic_mean_rank": 0.4342608499875832,
        "adjusted_arithmetic_mean_rank_index": 0.5661989040886273,
        "adjusted_geometric_mean_rank_index": 0.7896794169985132,
        "adjusted_hits_at_k": 0.07072116968924586,
        "adjusted_inverse_harmonic_mean_rank": 0.038190628129609897,
        "arithmetic_mean_rank": 534.8033439490446,
        "count": 5024.0,
        "geometric_mean_rank": 175.87696413089068,
        "harmonic_mean_rank": 23.693382924689285,
        "hits_at_1": 0.010151273885350318,
        "hits_at_10": 0.07563694267515923,
        "hits_at_3": 0.03821656050955414,
        "hits_at_5": 0.04936305732484077,
        "inverse_arithmetic_mean_rank": 0.0018698461991951921,
        "inverse_geometric_mean_rank": 0.0056857929345186025,
        "inverse_harmonic_mean_rank": 0.04220587677068128,
        "inverse_median_rank": 0.0033222591362126247,
        "median_absolute_deviation": 416.61122340007415,
        "median_rank": 301.0,
        "standard_deviation": 604.0691830962121,
        "variance": 364899.577966525,
        "z_arithmetic_mean_rank": 66.71220177184622,
        "z_geometric_mean_rank": 56.41282055028625,
        "z_hits_at_k": 68.8618679325934,
        "z_inverse_harmonic_mean_rank": 92.77555090716899
      },
      "realistic": {
        "adjusted_arithmetic_mean_rank": 0.4342588186340047,
        "adjusted_arithmetic_mean_rank_index": 0.5662009370930075,
        "adjusted_geometric_mean_rank_index": 0.7896804395621417,
        "adjusted_hits_at_k": 0.07072116968924586,
        "adjusted_inverse_harmonic_mean_rank": 0.03819064018723665,
        "arithmetic_mean_rank": 534.8008422851562,
        "count": 5024.0,
        "geometric_mean_rank": 175.87611389160156,
        "harmonic_mean_rank": 23.693376184082044,
        "hits_at_1": 0.010151273885350318,
        "hits_at_10": 0.07563694267515923,
        "hits_at_3": 0.03821656050955414,
        "hits_at_5": 0.04936305732484077,
        "inverse_arithmetic_mean_rank": 0.0018698549829423428,
        "inverse_geometric_mean_rank": 0.005685820244252682,
        "inverse_harmonic_mean_rank": 0.04220588877797127,
        "inverse_median_rank": 0.003322259057313204,
        "median_absolute_deviation": 416.61122340007415,
        "median_rank": 301.0,
        "standard_deviation": 604.067626953125,
        "variance": 364897.71875,
        "z_arithmetic_mean_rank": 66.71244130992628,
        "z_geometric_mean_rank": 56.41289359980132,
        "z_hits_at_k": 68.8618679325934,
        "z_inverse_harmonic_mean_rank": 92.77558019846424
      }
    },
    "head": {
      "optimistic": {
        "adjusted_arithmetic_mean_rank": 0.45721926774905103,
        "adjusted_arithmetic_mean_rank_index": 0.5432884277291842,
        "adjusted_geometric_mean_rank_index": 0.7044139330643473,
        "adjusted_hits_at_k": 0.08155876898208737,
        "adjusted_inverse_harmonic_mean_rank": 0.04268839145964246,
        "arithmetic_mean_rank": 489.2734872611465,
        "count": 2512.0,
        "geometric_mean_rank": 200.30155654309414,
        "harmonic_mean_rank": 20.939679619363798,
        "hits_at_1": 0.019904458598726114,
        "hits_at_10": 0.08797770700636942,
        "hits_at_3": 0.046576433121019105,
        "hits_at_5": 0.06488853503184713,
        "inverse_arithmetic_mean_rank": 0.002043846695225193,
        "inverse_geometric_mean_rank": 0.004992472436353003,
        "inverse_harmonic_mean_rank": 0.04775622254866107,
        "inverse_median_rank": 0.0030864197530864196,
        "median_absolute_deviation": 415.1286211815685,
        "median_rank": 324.0,
        "standard_deviation": 500.69311080531423,
        "variance": 250693.5912079027,
        "z_arithmetic_mean_rank": 43.41375085502414,
        "z_geometric_mean_rank": 35.64829973713816,
        "z_hits_at_k": 48.83741415711964,
        "z_inverse_harmonic_mean_rank": 63.957018804017046
      },
      "pessimistic": {
        "adjusted_arithmetic_mean_rank": 0.45722447587216064,
        "adjusted_arithmetic_mean_rank_index": 0.5432832147346036,
        "adjusted_geometric_mean_rank_index": 0.7044100879330866,
        "adjusted_hits_at_k": 0.08155876898208737,
        "adjusted_inverse_harmonic_mean_rank": 0.04268834845521616,