{
  "losses": [
    120.00679244995118,
    87.09190006256104,
    66.74885416030884,
    58.47156963348389,
    53.21449222564697,
    50.26543588638306,
    48.543555927276614,
    46.74317932128906,
    46.13566856384277,
    45.27472162246704,
    44.484454441070554,
    44.94425296783447,
    44.53611125946045,
    44.319622325897214,
    43.70063428878784,
    43.369547843933105,
    43.36061162948609,
    43.324456214904785,
    42.95832986831665,
    42.92817468643189,
    42.16004590988159,
    42.84663877487183,
    42.65334177017212,
    41.909542083740234,
    41.81337299346924,
    41.68170566558838,
    41.37362823486328,
    41.06377811431885,
    40.76593208312988,
    40.82336530685425,
    40.83197278976441,
    40.72151041030884,
    40.77498435974121,
    40.20758686065674,
    40.757308864593504,
    40.4640438079834,
    39.87496900558472,
    39.61302118301391,
    39.6321343421936,
    39.41868076324463,
    39.52757740020752,
    39.32185726165771,
    39.23615417480469,
    39.07821407318115,
    39.21803407669067,
    38.97599515914917,
    38.843120384216306,
    39.08700971603393,
    38.5922532081604,
    38.152468585968016,
    38.31171274185181,
    38.33788242340088,
    38.18327894210815,
    37.988747692108156,
    38.12689342498779,
    37.66995935440063,
    37.872976303100586,
    37.62365531921387,
    37.118339443206786,
    37.20406284332275,
    37.073847103118894,
    36.83409910202026,
    36.72082252502442,
    36.50928440093994,
    36.53303575515747,
    36.472426891326904,
    36.28207931518555,
    36.212368965148926,
    36.07341737747193,
    36.145406818389894,
    35.98391857147217,
    35.953101825714114,
    35.873930835723876,
    35.71937379837036,
    35.56310033798218,
    35.31384792327881,
    35.3707799911499,
    35.16574249267578,
    35.26053581237793,
    35.05759439468384,
    34.77953805923462,
    34.80314168930054,
    34.800502109527585,
    34.45350303649902,
    34.616347789764404,
    34.7176212310791,
    34.24736604690552,
    34.25561637878418,
    33.94951114654541,
    33.925821208953856,
    33.817337131500246,
    33.64708833694458,
    33.75648250579834,
    33.83551197052002,
    33.605829524993894,
    33.466598224639895,
    33.31313004493713,
    33.38835973739624,
    33.22849802970886,
    33.15338716506958
  ],
  "metrics": {
    "both": {
      "optimistic": {
        "adjusted_arithmetic_mean_rank": 1.094001437122539,
        "adjusted_arithmetic_mean_rank_index": -0.09406939939713421,
        "adjusted_geometric_mean_rank_index": -0.13697773628012766,
        "adjusted_hits_at_k": -8.830378232893392e-06,
        "adjusted_inverse_harmonic_mean_rank": -0.0002478504406474096,
        "arithmetic_mean_rank": 1514.2527047913447,
        "count": 3882.0,
        "geometric_mean_rank": 1159.2873327743077,
        "harmonic_mean_rank": 353.77219297439734,
        "hits_at_1": 0.0007727975270479134,
        "hits_at_10": 0.0036063884595569293,
        "hits_at_3": 0.0007727975270479134,
        "hits_at_5": 0.0010303967027305513,
        "inverse_arithmetic_mean_rank": 0.0006603917541872868,
        "inverse_geometric_mean_rank": 0.0008625989189469406,
        "inverse_harmonic_mean_rank": 0.0028266777883030805,
        "inverse_median_rank": 0.0006487187804086928,
        "median_absolute_deviation": 1032.6324451891517,
        "median_rank": 1541.5,
        "standard_deviation": 804.1772985707045,
        "variance": 646701.1275364759,
        "z_arithmetic_mean_rank": -10.145965441281291,
        "z_geometric_mean_rank": -8.587208509033317,
        "z_hits_at_k": -0.00913388626648226,
        "z_inverse_harmonic_mean_rank": -0.6364558438877577
      },
      "pessimistic": {
        "adjusted_arithmetic_mean_rank": 1.094005531488747,
        "adjusted_arithmetic_mean_rank_index": -0.09407349672353571,
        "adjusted_geometric_mean_rank_index": -0.13698582146400695,
        "adjusted_hits_at_k": -8.830378232893392e-06,
        "adjusted_inverse_harmonic_mean_rank": -0.0002478659526457573,
        "arithmetic_mean_rank": 1514.2583719732097,
        "count": 3882.0,
        "geometric_mean_rank": 1159.2955694932616,
        "harmonic_mean_rank": 353.77412841807467,
        "hits_at_1": 0.0007727975270479134,
        "hits_at_10": 0.0036063884595569293,
        "hits_at_3": 0.0007727975270479134,
        "hits_at_5": 0.0010303967027305513,
        "inverse_arithmetic_mean_rank": 0.0006603892826406589,
        "inverse_geometric_mean_rank": 0.000862592790238221,
        "inverse_harmonic_mean_rank": 0.0028266623239849922,
        "inverse_median_rank": 0.0006487187804086928,
        "median_absolute_deviation": 1032.6324451891517,
        "median_rank": 1541.5,
        "standard_deviation": 804.1750980468291,
        "variance": 646697.5883186272,
        "z_arithmetic_mean_rank": -10.146407363227596,
        "z_geometric_mean_rank": -8.587715373591692,
        "z_hits_at_k": -0.00913388626648226,
        "z_inverse_harmonic_mean_rank": -0.6364956771919585
      },
      "realistic": {
        "adjusted_arithmetic_mean_rank": 1.0940034516368609,
        "adjusted_arithmetic_mean_rank_index": -0.0940714153679334,
        "adjusted_geometric_mean_rank_index": -0.136981830673651,
        "adjusted_hits_at_k": -8.830378232893392e-06,
        "adjusted_inverse_harmonic_mean_rank": -0.0002478583012111872,
        "arithmetic_mean_rank": 1514.2554931640625,
        "count": 3882.0,
        "geometric_mean_rank": 1159.29150390625,
        "harmonic_mean_rank": 353.77317374019344,
        "hits_at_1": 0.0007727975270479134,
        "hits_at_10": 0.0036063884595569293,
        "hits_at_3": 0.0007727975270479134,
        "hits_at_5": 0.0010303967027305513,
        "inverse_arithmetic_mean_rank": 0.0006603905349038541,
        "inverse_geometric_mean_rank": 0.000862595799844712,
        "inverse_harmonic_mean_rank": 0.00282666995190084,
        "inverse_median_rank": 0.0006487187929451466,
        "median_absolute_deviation": 1032.6324451891517,
        "median_rank": 1541.5,
        "standard_deviation": 804.1762084960938,
        "variance": 646699.375,
        "z_arithmetic_mean_rank": -10.146182876177122,
        "z_geometric_mean_rank": -8.587465188781849,
        "z_hits_at_k": -0.00913388626648226,
        "z_inverse_harmonic_mean_rank": -0.6364760290515976
      }
    },
    "head": {
      "optimistic": {
        "adjusted_arithmetic_mean_rank": 1.1728728272099769,
        "adjusted_arithmetic_mean_rank_index": -0.17299864098568918,
        "adjusted_geometric_mean_rank_index": -0.23963645217988683,
        "adjusted_hits_at_k": 0.0010000837133005685,
        "adjusted_inverse_harmonic_mean_rank": -0.00043197761328616887,
        "arithmetic_mean_rank": 1612.7439464193715,
        "count": 1941.0,
        "geometric_mean_rank": 1255.519359408771,
        "harmonic_mean_rank": 375.6677205999286,
        "hits_at_1": 0.0005151983513652757,
        "hits_at_10": 0.00463678516228748,
        "hits_at_3": 0.0005151983513652757,
        "hits_at_5": 0.0010303967027305513,
        "inverse_arithmetic_mean_rank": 0.0006200612330433538,
        "inverse_geometric_mean_rank": 0.0007964831386358741,
        "inverse_harmonic_mean_rank": 0.0026619268709140993,
        "inverse_median_rank": 0.0005698005698005698,
        "median_absolute_deviation": 968.139248684158,
        "median_rank": 1755.0,
        "standard_deviation": 800.709695428438,
        "variance": 641136.0163531018,
        "z_arithmetic_mean_rank": -13.191737888413911,
        "z_geometric_mean_rank": -10.625081554519866,
        "z_hits_at_k": 0.7289315077598952,
        "z_inverse_harmonic_mean_rank": -0.7816830914010691
      },
      "pessimistic": {
        "adjusted_arithmetic_mean_rank": 1.17287732336436,
        "adjusted_arithmetic_mean_rank_index": -0.1730031404122936,
        "adjusted_geometric_mean_rank_index": -0.2396456870909407,
        "adjusted_hits_at_k": 0.0010000837133005685,