{
  "losses": [
    123.26676654815674,
    85.5832389831543,
    66.59536828994752,
    57.73959445953369,
    52.78174057006836,
    49.320333576202394,
    47.40189256668091,
    46.43753089904785,
    45.82454481124878,
    44.93805561065674,
    45.299865055084226,
    44.64709873199463,
    43.97206888198853,
    43.49390830993652,
    43.6729642868042,
    43.2363224029541,
    43.53405237197876,
    43.01300439834595,
    42.96211042404175,
    42.8956976890564,
    43.1651572227478,
    42.73782644271851,
    42.30834913253784,
    42.363177108764646,
    42.06634511947632,
    42.45920133590698,
    41.86018581390381,
    41.78134660720825,
    41.832166004180905,
    41.13646459579468,
    41.483277797698975,
    41.322366046905515,
    40.80798673629761,
    41.141724300384524,
    40.74942064285278,
    40.36227893829346,
    40.16871585845947,
    40.03416519165039,
    40.50500221252442,
    39.82789497375488,
    39.80825452804565,
    39.4897723197937,
    39.54508628845215,
    39.69946727752686,
    39.3487286567688,
    38.88685865402222,
    39.056075477600096,
    38.88048906326294,
    39.07206211090088,
    38.85272874832153,
    38.435868167877196,
    38.34266424179077,
    37.947097301483154,
    38.23715715408325,
    38.28656520843506,
    38.19662885665893,
    37.678935527801514,
    37.57099323272705,
    37.51292181015015,
    37.4444260597229,
    37.26069192886352,
    37.27543821334839,
    37.046383953094484,
    37.01506175994873,
    36.75488309860229,
    36.662967681884766,
    36.58438386917114,
    36.595898723602296,
    36.140772914886476,
    35.68392114639282,
    35.97901334762573,
    36.178540802001955,
    36.10799903869629,
    35.95579090118408,
    35.94397497177124,
    35.796225452423094,
    35.51316413879395,
    35.559634590148924,
    35.391459941864014,
    35.30440254211426,
    34.98247184753418,
    34.92096366882324,
    35.18335494995117,
    34.69399013519287,
    34.72268242835999,
    34.6421236038208,
    34.56849994659424,
    34.43833246231079,
    34.17833366394043,
    34.39043483734131,
    34.136792755126955,
    34.031891441345216,
    33.93700017929077,
    33.75292329788208,
    33.7801607131958,
    33.55215759277344,
    33.50597486495972,
    33.43687582015991,
    33.24310750961304,
    33.319236278533936
  ],
  "metrics": {
    "both": {
      "optimistic": {
        "adjusted_arithmetic_mean_rank": 0.4428047774287636,
        "adjusted_arithmetic_mean_rank_index": 0.5576764832115936,
        "adjusted_geometric_mean_rank_index": 0.7960435714501358,
        "adjusted_hits_at_k": 0.14206397280264227,
        "adjusted_inverse_harmonic_mean_rank": 0.04002438432554233,
        "arithmetic_mean_rank": 513.1144962166468,
        "count": 5022.0,
        "geometric_mean_rank": 156.7117269839559,
        "harmonic_mean_rank": 22.4458677351587,
        "hits_at_1": 0.009956192751891677,
        "hits_at_10": 0.1473516527279968,
        "hits_at_3": 0.02190362405416169,
        "hits_at_5": 0.049183592194344886,
        "inverse_arithmetic_mean_rank": 0.001948882768608784,
        "inverse_geometric_mean_rank": 0.006381143385028101,
        "inverse_harmonic_mean_rank": 0.04455163025101599,
        "inverse_median_rank": 0.003472222222222222,
        "median_absolute_deviation": 410.68081452605173,
        "median_rank": 288.0,
        "standard_deviation": 588.1190323815729,
        "variance": 345883.99624943756,
        "z_arithmetic_mean_rank": 65.23314695710434,
        "z_geometric_mean_rank": 56.901717957068485,
        "z_hits_at_k": 128.22339861833507,
        "z_inverse_harmonic_mean_rank": 90.34668162766529
      },
      "pessimistic": {
        "adjusted_arithmetic_mean_rank": 0.4428061521393978,
        "adjusted_arithmetic_mean_rank_index": 0.5576751073135944,
        "adjusted_geometric_mean_rank_index": 0.7960431743201968,
        "adjusted_hits_at_k": 0.14206397280264227,
        "adjusted_inverse_harmonic_mean_rank": 0.040024380995885116,
        "arithmetic_mean_rank": 513.1160892074871,
        "count": 5022.0,
        "geometric_mean_rank": 156.7120301751281,
        "harmonic_mean_rank": 22.44586940478539,
        "hits_at_1": 0.009956192751891677,
        "hits_at_10": 0.1473516527279968,
        "hits_at_3": 0.02190362405416169,
        "hits_at_5": 0.049183592194344886,
        "inverse_arithmetic_mean_rank": 0.0019488767182188926,
        "inverse_geometric_mean_rank": 0.006381131039413405,
        "inverse_harmonic_mean_rank": 0.04455162693706144,
        "inverse_median_rank": 0.003472222222222222,
        "median_absolute_deviation": 410.68081452605173,
        "median_rank": 288.0,
        "standard_deviation": 588.120874266428,
        "variance": 345886.1627479076,
        "z_arithmetic_mean_rank": 65.23298601405028,
        "z_geometric_mean_rank": 56.901689569959295,
        "z_hits_at_k": 128.22339861833507,
        "z_inverse_harmonic_mean_rank": 90.34667411166009
      },
      "realistic": {
        "adjusted_arithmetic_mean_rank": 0.4428054671124632,
        "adjusted_arithmetic_mean_rank_index": 0.5576757929322003,
        "adjusted_geometric_mean_rank_index": 0.7960433663813457,
        "adjusted_hits_at_k": 0.14206397280264227,
        "adjusted_inverse_harmonic_mean_rank": 0.040024383644420944,
        "arithmetic_mean_rank": 513.1152954101562,
        "count": 5022.0,
        "geometric_mean_rank": 156.71188354492188,
        "harmonic_mean_rank": 22.44586807670088,
        "hits_at_1": 0.009956192751891677,
        "hits_at_10": 0.1473516527279968,
        "hits_at_3": 0.02190362405416169,
        "hits_at_5": 0.049183592194344886,
        "inverse_arithmetic_mean_rank": 0.0019488796824589372,
        "inverse_geometric_mean_rank": 0.006381136830896139,
        "inverse_harmonic_mean_rank": 0.044551629573106766,
        "inverse_median_rank": 0.0034722222480922937,
        "median_absolute_deviation": 410.68081452605173,
        "median_rank": 288.0,
        "standard_deviation": 588.1199951171875,
        "variance": 345885.09375,
        "z_arithmetic_mean_rank": 65.23306621298394,
        "z_geometric_mean_rank": 56.90170329861651,
        "z_hits_at_k": 128.22339861833507,
        "z_inverse_harmonic_mean_rank": 90.34668009017612
      }
    },
    "head": {
      "optimistic": {
        "adjusted_arithmetic_mean_rank": 0.4780537803208984,
        "adjusted_arithmetic_mean_rank_index": 0.5224741686640215,
        "adjusted_geometric_mean_rank_index": 0.6529297722884118,
        "adjusted_hits_at_k": 0.06005456853660039,
        "adjusted_inverse_harmonic_mean_rank": 0.03211037608174986,
        "arithmetic_mean_rank": 473.0963759458383,
        "count": 2511.0,
        "geometric_mean_rank": 207.9426911939541,
        "harmonic_mean_rank": 26.209111263920484,
        "hits_at_1": 0.019115890083632018,
        "hits_at_10": 0.06810035842293907,
        "hits_at_3": 0.029470330545599364,
        "hits_at_5": 0.03663878932696137,
        "inverse_arithmetic_mean_rank": 0.002113734221702183,
        "inverse_geometric_mean_rank": 0.004809017303076411,
        "inverse_harmonic_mean_rank": 0.03815467033316013,
        "inverse_median_rank": 0.003048780487804878,
        "median_absolute_deviation": 404.7504056520293,
        "median_rank": 328.0,
        "standard_deviation": 476.75110525181753,
        "variance": 227291.6163588296,
        "z_arithmetic_mean_rank": 41.09912860985165,
        "z_geometric_mean_rank": 33.0814434193947,
        "z_hits_at_k": 32.50436624254379,
        "z_inverse_harmonic_mean_rank": 43.62659345897785
      },
      "pessimistic": {
        "adjusted_arithmetic_mean_rank": 0.4780557924249113,
        "adjusted_arithmetic_mean_rank_index": 0.5224721545247639,
        "adjusted_geometric_mean_rank_index": 0.652928665640816,
        "adjusted_hits_at_k": 0.06005456853660039,
        "adjusted_inverse_harmonic_mean_rank": 0.032110369852974184,
        "arithmetic_mean_rank": 473.0983671843887,